CREATE TABLE actors (
  id integer PRIMARY KEY NOT NULL DEFAULT "0",
  first_name varchar(100) DEFAULT NULL,
  last_name varchar(100) DEFAULT NULL,
  gender char(1) DEFAULT NULL,
  film_count integer DEFAULT "0"
);
INSERT INTO actors VALUES (933,"Lewis","Abernathy","M",1),(2547,"Andrew","Adamson","M",1),(2700,"William","Addy","M",1),(2898,"Seth (I)","Adkins","M",1),(2925,"Charles (I)","Adler","M",1),(3226,"Casey","Affleck","M",1),(4306,"Shigekazu","Aida","M",1),(4856,"Julliet","Akinyi","M",1),(6005,"Henri","Alciatore","M",1),(6990,"Dean","Alexandrou","M",1),(7124,"Jim","Alfonso","M",1),(7817,"Carl (I)","Allen","M",1),(7979,"Ivan (I)","Allen","M",1),(8161,"Richard (XV)","Allen","M",1),(8409,"Anthony","Allison","M",1),(8412,"Bill (I)","Allison","M",1),(8426,"Frankie J.","Allison","M",1),(9184,"Steve","Altes","M",1),(9275,"Walter","Altman","M",1),(11489,"Dion","Anderson","M",1),(11547,"George (IV)","Anderson","M",1),(11590,"J. Todd","Anderson","M",1),(11865,"Scott G.","Anderson","M",1),(12043,"Kris","Andersson","M",1),(12508,"David (I)","Andrews","M",2),(12987,"Jack (I)","Angel","M",1),(13553,"Joey","Ansah","M",1),(14741,"Royce D.","Applegate","M",1),(14973,"Julian","Arahanga","M",1),(15068,"Raul","Aranas","M",1),(15854,"Geoffrey","Arend","M",1),(15921,"Guillaume (II)","Aretos","M",1),(16669,"Alun","Armstrong","M",1),(16791,"Neil (I)","Armstrong","M",1),(16844,"William (I)","Armstrong","M",1),(17326,"Abraham","Aronofsky","M",1),(17433,"Alexis","Arquette","M",1),(17438,"Richmond","Arquette","M",1),(17946,"Michael","Arturo","M",1),(18534,"Graham","Ashley","M",1),(18638,"Richard (II)","Ashton","M",1),(18826,"Edward","Asner","M",1),(19123,"David (I)","Aston","M",1),(19873,"Rene","Auberjonois","M",1),(20565,"Mark (III)","Austin","M",1),(21959,"Ryuichiro","Baba","M",1),(22188,"James","Babson","M",1),(22262,"Mike","Bacarella","M",1),(22489,"Joe","Bacino","M",1),(22591,"Kevin","Bacon","M",9),(22669,"Michael","Badalucco","M",1),(22723,"Diedrich","Bader","M",1),(23488,"Eion","Bailey","M",1),(24164,"Dylan (I)","Baker","M",1),(24298,"Kenny (I)","Baker","M",1),(24389,"Rick (I)","Baker","M",1),(24660,"Matthew","Balaban","M",1),(25103,"Christian","Bale","M",1),(25293,"Jeremy","Ball","M",1),(25743,"Kirk","Baltz","M",1),(26018,"John","Bandemer","M",1),(26409,"Ian","Bannen","M",1),(28218,"Christopher Daniel","Barnes","M",1),(28510,"Roy","Barnitt","M",1),(29603,"Jason","Barry","M",1),(29686,"Thom","Barry","M",1),(30298,"Billy","Barty","M",1),(31092,"Dean","Batchelor","M",1),(32474,"Joe","Bays","M",1),(32648,"Scott","Beach","M",1),(32842,"Lightning","Bear","M",1),(32884,"Kevin (I)","Beard","M",1),(33024,"Lou","Beatty Jr.","M",1),(33582,"William (II)","Beck","M",1),(33865,"Andy","Beckwith","M",1),(35463,"Ned","Bellamy","M",1),(35741,"Gil","Bellows","M",1),(36005,"John","Belushi","M",1),(36390,"Nat","Benchley","M",1),(36472,"Lawrence","Bender","M",2),(36641,"Jay (I)","Benedict","M",2),(37040,"David (I)","Benn","M",1),(38306,"Jon (I)","Berg","M",1),(38626,"Loys T.","Bergeron","M",1),(38779,"Jules","Bergman","M",1),(38973,"Scott Clark","Beringer","M",1),(39044,"Xander","Berkeley","M",2),(39553,"Jay","Bernard","M",1),(39860,"Steve","Bernie","M",1),(41012,"Doug","Beswick","M",1),(41156,"Val","Bettin","M",1),(41200,"Jack","Betts","M",1),(42278,"Michael","Biehn","M",1),(42960,"Stephen","Billington","M",1),(43791,"John (I)","Bishop","M",2),(43802,"Larry","Bishop","M",1),(43842,"Stephen (I)","Bishop","M",1),(43899,"John","Bisom","M",1),(43926,"Richard (II)","Bissell","M",1),(43967,"Joel","Bissonnette","M",1),(44737,"Abdul","Blackmanwest","M",1),(45134,"Geoffrey","Blake","M",1),(45176,"Matty","Blake","M",1),(45193,"Paul (II)","Blake","M",1),(45243,"Don","Blakely","M",1),(46035,"Andrew","Blesser","M",1),(46276,"Bobby","Block","M",1),(46793,"Stuart","Blumberg","M",1),(47366,"Ben","Bode","M",1),(47448,"Wolfgang","Bodison","M",1),(47548,"Bain","Boehlke","M",1),(47858,"Hale","Boggs","M",1),(48064,"Bruce","Bohne","M",1),(48468,"Bill","Bolender","M",2),(48630,"Diedrich","Bollman","M",1),(49086,"Josh","Bond","M",1),(49108,"Rudy","Bond","M",1),(49661,"Bruce","Bonnheim","M",1),(49922,"Mark","Boone Junior","M",2),(50085,"Tim (I)","Booth","M",1),(50561,"Eric Bruno","Borgman","M",1),(51588,"Morne","Botes","M",1),(52396,"Anderson","Bourell","M",1),(52913,"David","Bowe","M",2),(52927,"Douglass","Bowen Flynn","M",1),(52941,"Cameron","Bowen","M",1),(52978,"Michael (I)","Bowen","M",1),(53441,"Cayden","Boyd","M",1),(54608,"Eric","Braeden","M",1),(54620,"Zach","Braff","M",1),(54814,"Richard","Brake","M",1),(54888,"Mark","Bramhall","M",1),(55108,"Larry","Brandenburg","M",2),(55174,"Marlon","Brando","M",1),(55263,"Barry","Brandt","M",1),(55349,"Willy (I)","Brandt","M",1),(55702,"Chuck","Brauchler","M",1),(55975,"Garrett","Brawith","M",1),(56160,"Walter","Breaux","M",1),(56369,"Charles","Brehm","M",1),(56513,"Ewen","Bremner","M",1),(57184,"Leonid","Brezhnev","M",1),(57333,"I.D.","Brickman","M",1),(57631,"Richard","Bright","M",1),(57665,"Paul","Brightwell","M",1),(57830,"Johnny","Brink","M",1),(58327,"J. Paul","Broadhead","M",1),(58481,"Stanley","Brock","M",1),(58566,"Charley","Broderick","M",1),(58775,"Josh","Brolin","M",1),(58871,"Paul","Bronk","M",1),(59227,"Randy (I)","Brooks","M",1),(59323,"Brian","Brophy","M",1),(59824,"Clancy","Brown","M",1),(60384,"Phil (I)","Brown","M",1),(60612,"W. Earl","Brown","M",1),(61441,"Jon","Bruno","M",1),(62520,"Raymond","Buck","M",1),(62556,"Jason","Buckham","M",1),(63432,"Kim","Bullard","M",1),(63521,"Tom (V)","Bullock","M",1),(63695,"Edward","Bunker","M",1),(63813,"Cliff","Bura","M",1),(64724,"Ted","Burnett","M",1),(64793,"Alex","Burns","M",1),(65536,"Steve","Buscemi","M",3),(65966,"Michael","Butcher","M",1),(66328,"Mike","Butters","M",1),(66495,"Ezra","Buzzington","M",1),(66776,"Chris (I)","Byrne","M",1),(66791,"Eddie","Byrne","M",1),(66825,"Michael (I)","Byrne","M",1),(67492,"James","Caan","M",1),(67493,"Scott","Caan","M",1),(67598,"Charles","Cabell","M",1),(67599,"Earle","Cabell","M",1),(67954,"John (I)","Cadenhead","M",1),(68048,"Harry","Caesar","M",1),(68424,"Michael (I)","Caine","M",1),(68754,"Paul","Calderon","M",1),(68858,"Philip","Caldwell","M",1),(69186,"Roger","Callard","M",1),(69902,"Cody","Cameron","M",1),(69940,"James (I)","Cameron","M",1),(70137,"Hamilton","Camp","M",1),(70282,"Bruce (I)","Campbell","M",1),(70588,"Sol","Campbell","M",1),(70744,"Bruno","Campolo","M",1),(71116,"John","Candy","M",2),(71699,"Mickey","Cantwell","M",1),(71767,"Jason Ninh","Cao","M",1),(72215,"Mark","Capri","M",1),(72356,"Paul","Carafotes","M",1),(73209,"Chris","Carley","M",1),(73473,"Francis M.","Carlson","M",1),(73950,"Liam","Carney","M",1),(74449,"David","Carradine","M",2),(75195,"Price","Carson","M",1),(75369,"Gary (I)","Carter","M",1),(76228,"Nicholas","Cascone","M",1),(76443,"Aaron James","Cash","M",1),(76653,"Marc","Cass","M",1),(76739,"Vincent","Cassel","M",1),(77118,"Richard S.","Castellano","M",1),(77617,"Fidel (I)","Castro","M",1),(78467,"Frank","Cavestani","M",2),(78574,"John","Cazale","M",1),(80345,"Barry","Chambers","M",1),(81479,"John (V)","Chapman","M",1),(81486,"Kevin (I)","Chapman","M",1),(81499,"Mark Lindsay","Chapman","M",1),(82770,"Don","Cheadle","M",1),(82887,"Ken","Cheeseman","M",1),(84019,"Peter","Cheyenne","M",1),(84199,"Sonny","Chiba","M",1),(84795,"Jimmy","Chisholm","M",1),(84902,"Fred","Chiverton","M",1),(85253,"Arnold","Chon","M",1),(85282,"Marcus","Chong","M",1),(86167,"Tory","Christopher","M",1),(86866,"Carl","Ciarfalio","M",1),(86916,"Jude","Ciccolella","M",1),(87502,"Franco","Citti","M",1),(87969,"Eric (I)","Clark","M",1),(88262,"Spencer Treat","Clark","M",1),(88326,"William Paul","Clark","M",1),(88336,"Adam (I)","Clarke","M",1),(89087,"Christian","Clemenson","M",1),(89558,"George","Clooney","M",2),(90307,"Hugo","Codaro","M",1),(91369,"Gary (I)","Cole","M",1),(91695,"Michael (XIII)","Coleman","M",1),(91835,"Daniel","Coli","M",1),(92394,"Marty (II)","Collins","M",1),(92556,"Frank","Collison","M",1),(92815,"Sydney 'Big Dawg'","Colston","M",1),(92907,"Vance","Colvig Jr.","M",1),(92931,"Steven","Colvin","M",1),(93441,"Tim","Condren","M",1),(93623,"Jack","Conley","M",1),(93689,"John (I)","Connally","M",1),(93883,"Brendan","Connolly","M",1),(93916,"Michael S.","Connolly","M",1),(94387,"Richard","Conte","M",1),(94668,"Kevin (I)","Conway","M",1),(95037,"Gregory (I)","Cooke","M",1),(95298,"Christopher E.","Cooper","M",1),(95420,"John Sherman","Cooper","M",1),(95602,"Harold E.","Cope Jr.","M",1),(95622,"Zachary David","Cope","M",1),(95766,"Barry","Copping","M",1),(95789,"Carmine","Coppola","M",1),(95799,"Gian-Carlo","Coppola","M",1),(96353,"Charles","Cork","M",1),(96438,"Roger","Corman","M",1),(97090,"Salvatore","Corsitto","M",1),(97507,"Ralph","Cosham","M",1),(97563,"James","Cosmo","M",1),(97566,"Tony","Cosmo","M",1),(98021,"Kevin","Costner","M",1),(98103,"Richard","Cotovsky","M",1),(99156,"Brian (I)","Cox","M",1),(99184,"Darryl","Cox","M",1),(99325,"Sidney","Cox","M",1),(99351,"Willard","Cox","M",1),(99401,"Joe (I)","Coyle","M",1),(99597,"Chris","Cragnotti","M",1),(99685,"John D.","Craig","M",1),(99941,"Simon (I)","Crane","M",1),(100044,"Matt (I)","Craven","M",1),(100230,"Thomas (I)","Crawford","M",1),(100257,"Robert","Cray","M",1),(101230,"Walter","Cronkite","M",2),(101233,"David","Cronnelly","M",1),(101557,"Trevor","Crouch","M",1),(101879,"Tom","Cruise","M",2),(102758,"Brett","Cullen","M",1),(102882,"Joseph","Culp","M",1),(103007,"Jim","Cummings","M",2),(103244,"James (I)","Cunningham","M",1),(103411,"James","Curatola","M",1),(103548,"Phill","Curr","M",1),(103728,"Tim (I)","Curry","M",1),(103769,"Alfie","Curtis","M",1),(103985,"Peter","Cushing","M",1),(105163,"Vincent (I)","D'Onofrio","M",1),(106131,"Goro","Daimon","M",1),(106703,"Sam (I)","Dalton","M",1),(107068,"Matt","Damon","M",1),(107285,"Benjamin","Dane","M",1),(107524,"Joshua","Daniel","M",1),(107609,"Anthony","Daniels","M",1),(107687,"J.D.","Daniels","M",1),(108006,"Cesare","Danova","M",1),(109023,"James","Daughton","M",1),(109357,"Elwin 'Chopper'","David","M",1),(109823,"John (IV)","Davies","M",1),(109892,"Robert (V)","Davies","M",1),(110268,"Gary Lee","Davis","M",1),(110563,"Norman","Davis","M",1),(111129,"J.C.","Day","M",1),(112303,"Charles","de Gaulle","M",1),(113187,"Jesse","De Luna","M",1),(114701,"Tim","De Zarn","M",1),(114899,"Loren","Dean","M",1),(114951,"Robertson","Dean","M",1),(115036,"Dalton","Dearborn","M",1),(115652,"Mickey","Dee","M",1),(116634,"Benicio","Del Toro","M",1),(116901,"Michael","Delano","M",1),(116949,"Brian","Delate","M",1),(117395,"Charlie","Dell","M",1),(117653,"Michael","DeLorenzo","M",1),(118247,"Martin (I)","Dempsey","M",1),(118282,"Jeffrey","DeMunn","M",1),(118428,"Robert A.","Denham","M",1),(118548,"Tony","Denman","M",1),(118569,"Barry","Dennen","M",1),(118681,"Peter","Dennis","M",1),(118957,"Eugene C.","DePasquale","M",1),(119276,"Thomas","Derrah","M",1),(120124,"William","Devane","M",1),(121418,"Fraser","Diamond","M",1),(121453,"Peter (I)","Diamond","M",1),(121475,"Warwick","Diamond","M",1),(121758,"Leonardo","DiCaprio","M",1),(122803,"Paul (I)","Dillon","M",1),(123513,"Douglas","Dirkson","M",1),(124607,"Steve","Dodd","M",1),(124961,"Sean Patrick","Doherty","M",1),(125323,"John","Doman","M",1),(125676,"Ron","Donachie","M",1),(125700,"Liam","Donaghy","M",1),(126086,"Ray","Donn","M",1),(126469,"Richard","Doone","M",1),(126550,"Matt","Doran","M",1),(127373,"Al Manuel","Douglas","M",1),(127395,"Brad R.","Douglas","M",1),(127498,"Jerry (I)","Douglas","M",1),(127499,"Jerry (III)","Douglas","M",1),(127583,"Sam (I)","Douglas","M",1),(127836,"Scott","Dow","M",1),(127881,"Barry","Dowden","M",1),(128274,"Brian","Doyle-Murray","M",1),(128379,"Austin","Drage","M",1),(129545,"François","du Bois","M",1),(130410,"Todd","Duffey","M",1),(130426,"Shay","Duffin","M",1),(130918,"John (I)","Dullaghan","M",1),(130922,"Allen","Dulles","M",1),(130991,"Jebidiah R.","Dumas","M",1),(131649,"Kevin (I)","Dunn","M",1),(131774,"Martin","Dunne","M",1),(132506,"Charles","Durning","M",1),(132963,"Robert (I)","Duvall","M",1),(132969,"Wayne","Duvall","M",2),(133243,"Dale","Dye","M",1),(134352,"Martin","East","M",1),(134737,"Rick","Eby","M",1),(134784,"Freedom","Eche","M",1),(134973,"James","Ecklund","M",1),(135144,"Steve (III)","Edelman","M",1),(135628,"Charles (VI)","Edwards","M",1),(136754,"Dwight D.","Eisenhower","M",1),(138172,"R. Bruce","Elliott","M",1),(138178,"Robert (II)","Elliott","M",1),(138258,"Chris (I)","Ellis","M",1),(138312,"Greg (II)","Ellis","M",1),(138351,"Jonathan D.","Ellis","M",1),(138982,"James","Embree","M",1),(140049,"Michael","Ensign","M",1),(140494,"Ludwig","Erhard","M",1),(141094,"Bill","Erwin","M",1),(141251,"Georg O.P.","Eschert","M",1),(141692,"Pablo (I)","Espinosa","M",1),(141883,"Ato","Essandoh","M",1),(142943,"Troy","Evans","M",1),(142962,"Jonathan","Evans-Jones","M",1),(143022,"Wayne A.","Evenson","M",1),(144260,"Blain","Fairman","M",1),(144555,"Anders (I)","Falk","M",1),(145053,"Tim","Faraday","M",1),(145321,"Dennis","Farina","M",1),(145529,"Lonnie","Farmer","M",1),(145540,"Reginald","Farmer","M",1),(145563,"John","Farnell","M",1),(146642,"Hugh","Feagin","M",1),(146792,"John","Fedevich","M",1),(146916,"Russ","Fega","M",1),(147343,"José","Feliciano","M",1),(148581,"Jorge (II)","Fernández","M",1),(149274,"Martin","Ferrero","M",1),(149545,"John","Ferus","M",1),(150046,"Christopher John","Fields","M",2),(151186,"John (I)","Finnegan","M",1),(151200,"Michael W.","Finnell","M",1),(151331,"John C.","Fiore","M",1),(151533,"Siegfried","Fischbacher","M",1),(151786,"Laurence","Fishburne","M",2),(151893,"George (III)","Fisher","M",1),(152175,"Mark (I)","Fite","M",1),(152366,"Shawn","Fitzgibbon","M",1),(152725,"Tommy (I)","Flanagan","M",1),(153139,"Jason","Flemyng","M",1),(153207,"Edward","Fletcher","M",1),(154245,"Shawn","Fogarty","M",1),(154269,"Adam","Fogerty","M",1),(154514,"Gabriel","Folse","M",1),(154923,"Jon","Foo","M",1),(155121,"Alan (I)","Ford","M",1),(155223,"Harrison (I)","Ford","M",1),(155472,"Terry","Forestal","M",1),(155704,"Anthony (I)","Forrest","M",1),(155804,"Grant","Forsberg","M",1),(155930,"Edmund Alan","Forsyth","M",1),(156020,"Millford","Fortenberry","M",1),(156523,"V.J.","Foster","M",1),(156939,"Bernard (I)","Fox","M",1),(157096,"Richard (I)","Fox","M",1),(157570,"Christopher","Francis","M",1),(157680,"Romeo","Francis","M",1),(158111,"Robert (IV)","Frank","M",1),(158125,"Tony","Frank","M",1),(158347,"Scott","Franklin","M",1),(159225,"Alfonso","Freeman","M",1),(159290,"Issac","Freeman","M",1),(159310,"John (III)","Freeman","M",1),(159346,"Morgan (I)","Freeman","M",2),(160178,"Barry","Friedman","M",1),(161529,"Takashi (I)","Fujii","M",1),(162318,"Stephen","Furst","M",1),(162721,"Thomas","Füri","M",1),(163352,"Ted","Gagliano","M",1),(163629,"Corrado","Gaipa","M",1),(163807,"Michael","Galasso","M",1),(163893,"Ed","Gale","M",1),(163948,"Johnny","Galecki","M",1),(164729,"John William","Galt","M",1),(165472,"David (I)","Gant","M",1),(165505,"Mark","Gantt","M",1),(165721,"Victor","Garber","M",1),(165825,"Andy (I)","Garcia","M",1),(166835,"Jay","Gardner","M",1),(166901,"Salo","Gardner","M",1),(167114,"Dave Zee","Garison","M",1),(167468,"James (IV)","Garrett","M",1),(167625,"Jim (I)","Garrison","M",1),(167973,"Quinn","Gasaway","M",1),(168574,"James","Gaulke","M",1),(168906,"Steve","Gawley","M",1),(169238,"Anthony","Geary","M",1),(169408,"Robbie","Gee","M",1),(169704,"Bruce","Gelb","M",1),(171349,"Leo","Geter","M",1),(171524,"John","Ghaly","M",1),(171937,"Sam","Giancana","M",1),(172359,"Donal","Gibson","M",1),(172424,"Mel (I)","Gibson","M",1),(172617,"Alec","Gifford","M",1),(172669,"Werner","Giger","M",1),(172814,"Peter","Gil","M",1),(172915,"Ed","Gilbert","M",1),(172927,"Gary (I)","Gilbert","M",1),(173008,"Ron (I)","Gilbert","M",1),(173104,"Michael","Gilden","M",1),(173761,"Roswell","Gilpatric","M",1),(174206,"Tony (I)","Giorgio","M",1),(174382,"Michael","Girardin","M",1),(174704,"Neil","Giuntoli","M",1),(175000,"Gil","Glasgow","M",1),(175268,"Brendan","Gleeson","M",1),(175696,"Herbert","Glucksman","M",1),(175853,"Barry","Gnome","M",1),(176042,"Paul (I)","Goddard","M",1),(176421,"Rusty","Goffe","M",1),(176918,"Erwin","Goldi","M",1),(177746,"Matthew","Gonder","M",1),(178678,"Matthew Michael","Goodall","M",1),(178682,"Taylor","Goodall","M",1),(178720,"Dwight","Gooden","M",1),(178761,"Cuba","Gooding Jr.","M",1),(178861,"John (I)","Goodman","M",1),(180149,"Thom","Gossom Jr.","M",1),(180448,"Jim","Gough","M",1),(180512,"Bill","Gould","M",1),(180540,"Elliott","Gould","M",1),(180543,"Geoffrey","Gould","M",1),(180650,"Anthony","Gounaris","M",1),(181071,"Topher","Grace","M",1),(181392,"Gerrit","Graham","M",1),(181486,"Richard (I)","Graham","M",1),(181512,"Stephen (I)","Graham","M",1),(181749,"Isaac","Grand","M",1),(182820,"Marc","Gray","M",1),(182947,"Kenneth","Graymez","M",1),(183405,"Ivan","Green","M",1),(183829,"Gordon","Greene","M",1),(183894,"Peter (I)","Greene","M",1),(184031,"Rick","Greenough","M",1),(184173,"Kevin Scott","Greer","M",1),(184188,"William (II)","Greer","M",1),(184634,"Zach","Grenier","M",1),(184670,"Googy","Gress","M",1),(184753,"Duane","Grey","M",1),(185071,"Laurence R.","Griffin","M",1),(185657,"Joe Lo","Grippo","M",1),(185823,"Robert J.","Groden","M",1),(185836,"Max","Grodénchik","M",1),(185960,"Andrei","Gromyko","M",1),(186293,"Sonny","Grosso","M",1),(186528,"Gary","Grubbs","M",1),(186652,"Ioan","Gruffudd","M",1),(186688,"Greg","Grunberg","M",1),(187811,"Christopher","Guest","M",1),(188411,"Alec","Guinness","M",1),(188463,"Tom","Guiry","M",1),(188640,"Sean","Gullette","M",1),(189012,"Bob","Gunton","M",2),(189147,"Michael","Gurievsky","M",1),(189341,"Louis","Guss","M",1),(191424,"Buddy","Hackett","M",1),(192018,"Paul","Haggar","M",1),(192106,"Nik","Hagler","M",1),(192139,"Garrick","Hagon","M",1),(192290,"Sid","Haig","M",1),(192874,"Robert","Haley","M",1),(193175,"Jack (V)","Hall","M",1),(193293,"Nelson (I)","Hall","M",1),(193682,"Todd (I)","Hallowell","M",1),(193699,"Eldon G.","Hallum","M",1),(193995,"Craig","Hamann","M",1),(194181,"Mark (I)","Hamill","M",2),(194465,"Robert","Hamlett","M",1),(195126,"Ari","Handel","M",1),(195384,"Larry","Hankin","M",1),(195428,"Tom","Hanks","M",1),(195497,"Peter","Hanly","M",1),(195778,"Barry (II)","Hansen","M",1),(196459,"Nigel","Harbach","M",1),(196754,"Reg","Harding","M",1),(197019,"Bobby","Hargis","M",1),(197172,"John","Harlan","M",1),(197630,"James N.","Harrell","M",1),(197798,"Alan (III)","Harris","M",1),(197824,"Baxter","Harris","M",1),(197929,"Ed (I)","Harris","M",1),(198505,"Robert F.","Harrison","M",1),(198544,"Todd","Harrison","M",1),(199768,"Lorenz","Hasler","M",1),(199843,"Tamer","Hassan","M",1),(200155,"John (I)","Hathaway","M",1),(200269,"Yasuhiko","Hattori","M",1),(200331,"Ben","Hauck","M",1),(200362,"Rutger","Hauer","M",1),(200375,"Alan","Haufrect","M",1),(200896,"Jakob","Hawkins","M",1),(201013,"Phil","Hawn","M",1),(201146,"Fumihiro","Hayashi","M",1),(201256,"Sterling","Hayden","M",1),(202366,"David","Hecht","M",1),(202412,"Gary A.","Hecker","M",1),(204119,"Don (II)","Henderson","M",1),(204475,"Drewe","Henley","M",1),(204493,"Christopher","Henn","M",1),(204719,"Lance","Henriksen","M",1),(205055,"Frank","Henson","M",1),(205106,"Andrew J.","Hentz","M",1),(205287,"Paul (IV)","Herbert","M",1),(205392,"Richard (I)","Herd","M",1),(205567,"David (I)","Herman","M",1),(205634,"Stanley","Herman","M",1),(205863,"Jorge R.","Hernandez","M",1),(206644,"Miles","Herter","M",1),(206648,"Harold G.","Herthum","M",1),(207426,"Stephen","Hibbert","M",1),(208287,"Bernard","Hill","M",1),(208323,"Clint","Hill","M",1),(209006,"Scott","Hinds","M",1),(209729,"Scott","Hislop","M",1),(210144,"Sid","Hoare","M",1),(210153,"Jerome Patrick","Hoban","M",1),(210799,"Jimmy","Hoffa","M",1),(210962,"Robert (X)","Hoffman","M",1),(211557,"Larry (I)","Holden","M",2),(211741,"Ryan","Holihan","M",1),(211832,"Erik","Holland","M",1),(212283,"Ian","Holm","M",1),(212771,"David (III)","Holt","M",1),(213555,"William","Hootkins","M",1),(213580,"J. Edgar","Hoover","M",1),(213646,"William","Hope","M",1),(213832,"Tim","Hopper","M",1),(214094,"Roy","Horn","M",1),(214150,"J.R.","Horne","M",1),(214412,"Bernard","Horsfall","M",1),(214502,"John (II)","Horton","M",1),(214973,"Andrew","Houghton","M",1),(215190,"Gary","Houston","M",1),(215312,"Michael","Hovinga","M",1),(215331,"Keith","How","M",1),(215405,"Clint","Howard","M",1),(215493,"Jeff (VII)","Howard","M",1),(215595,"Rance","Howard","M",1),(215640,"Tom (II)","Howard","M",1),(215780,"Arthur (II)","Howell","M",1),(216347,"Xiaohui","Hu","M",1),(216473,"Martin","Hub","M",1),(216951,"Zach","Hudson","M",1),(217399,"Michael (VII)","Hughes","M",1),(217405,"Miko","Hughes","M",1),(217663,"Tom","Hulce","M",1),(217669,"Endre","Hules","M",1),(217950,"Hubert H.","Humphrey","M",1),(218133,"Bob","Hungerford","M",1),(219643,"Jonathan","Hyde","M",1),(220339,"Peter","Iacangelo","M",1),(220634,"Luis","Icaza","M",1),(221162,"Yumi","Ikeda","M",1),(221431,"Tommy","Ilsley","M",1),(221889,"Angelo","Infanti","M",1),(222947,"Ronald","Isaac","M",1),(223383,"J.C.","Islander","M",1),(224034,"George","Ivey","M",1),(224682,"Doug (I)","Jackson","M",1),(224799,"Jesse (I)","Jackson","M",1),(224819,"John M.","Jackson","M",1),(224828,"Joshua","Jackson","M",1),(224852,"Kyle Scott","Jackson","M",1),(224998,"Ron (I)","Jackson","M",1),(225014,"Samuel L.","Jackson","M",2),(226351,"Emmett","James","M",1),(226391,"Grant (I)","James","M",1),(226488,"Lennie","James","M",1),(227732,"Gabriel","Jarret","M",1),(227836,"Martin","Jarvis","M",1),(228167,"Steve","Jay","M",1),(228435,"Herb","Jefferson Jr.","M",1),(228721,"Eddie","Jemison","M",1),(229140,"David (II)","Jensen","M",1),(229667,"DeWayne","Jessie","M",1),(230490,"Darren","Joel","M",1),(230528,"Rudy","Joffroy","M",1),(231223,"Chris (IV)","Johnson","M",1),(231719,"Lyndon (I)","Johnson","M",1),(232111,"William (I)","Johnson","M",1),(232212,"J.J.","Johnston","M",1),(232234,"Joe (I)","Johnston","M",1),(233082,"James Earl","Jones","M",1),(233163,"John Randolph","Jones","M",1),(233402,"Orlando","Jones","M",1),(233574,"Seth Adam","Jones","M",1),(233656,"Tommy Lee","Jones","M",1),(233693,"Vinnie","Jones","M",1),(234067,"Oscar","Jordan","M",1),(234872,"John (IX)","Joyce","M",1),(235073,"John (III)","Judd","M",1),(235110,"Mike (I)","Judge","M",1),(235260,"Chuck","Julian","M",1),(240277,"Daniel","Kash","M",1),(241342,"John (I)","Kavanagh","M",1),(241542,"Hiroshi (I)","Kawashima","M",1),(241719,"Joe","Kaye","M",1),(241906,"John","Kazek","M",1),(242102,"Charlie","Kearns","M",1),(242176,"Ryan","Keating","M",1),(242646,"Michael","Kehoe","M",1),(242760,"Harvey","Keitel","M",2),(242845,"Warren (I)","Keith","M",1),(242968,"J.D.","Kelleher","M",1),(243104,"Roy","Kellerman","M",1),(243306,"Craig (II)","Kelly","M",1),(243383,"George (II)","Kelly","M",1),(243428,"Jason (III)","Kelly","M",1),(243490,"M.G.","Kelly","M",1),(243553,"Phil (I)","Kelly","M",1),(243869,"Ken","Kemp","M",1),(243897,"Tom (I)","Kemp","M",1),(243963,"Victor","Kempster","M",1),(244175,"John","Kennedy Jr.","M",1),(244292,"John F.","Kennedy","M",1),(244298,"Joseph P.","Kennedy","M",1),(244351,"Mike (VI)","Kennedy","M",1),(244368,"Paul (I)","Kennedy","M",1),(244402,"Robert F.","Kennedy","M",1),(244421,"T.J.","Kennedy","M",1),(244423,"Ted (I)","Kennedy","M",1),(244497,"Douglas","Kenney","M",1),(244575,"Tony (I)","Kenny","M",1),(244787,"Jimmy","Keogh","M",1),(244826,"John","Kepley","M",1),(245499,"Alan R.","Kessler","M",1),(246659,"Nikita","Khrushchev","M",1),(247608,"Joon B.","Kim","M",1),(248284,"Chris Thomas","King","M",1),(248525,"Martin Luther","King","M",1),(248904,"Jari (I)","Kinnunen","M",1),(249760,"James","Kisicki","M",1),(249940,"Kazuki","Kitamura","M",1),(249944,"Nobuhiko","Kitamura","M",1),(250001,"Colin Michael","Kitchens","M",1),(250025,"Nao","Kitman","M",1),(250281,"Jack","Klaff","M",1),(251175,"Vladimir","Klitschko","M",1),(251351,"Jeffrey","Kluger","M",1),(251881,"Travis (I)","Knight","M",1),(251891,"Wayne (I)","Knight","M",1),(251911,"Christopher","Knights","M",1),(253952,"Ryo","Kondo","M",1),(254667,"Tommy","Kordick","M",1),(255239,"Christopher","Kosiciuk","M",1),(256240,"Edward (I)","Kowalczyk","M",1),(256402,"Mark","Kozelek","M",1),(256972,"Charlie","Kranz","M",1),(258441,"Scott","Krueger","M",1),(259004,"Mark","Kubiak","M",1),(260069,"Jun","Kunimura","M",1),(260427,"Michael","Kuroiwa","M",1),(260737,"Naomi","Kusumi","M",1),(261960,"Joe","La Due","M",1),(262141,"Charles","La Russa","M",1),(263645,"Martin (I)","Laing","M",1),(264162,"Phil","LaMarr","M",1),(264716,"Jim","Lampley","M",1),(264813,"James","Lancaster","M",1),(265558,"Anthony","Lang","M",1),(265918,"Odin K.","Langford","M",1),(266236,"Edward G.","Lansdale","M",1),(266368,"Rob","Lanza","M",1),(267122,"John","Larroquette","M",1),(267297,"William","Larsen","M",1),(268301,"John (I)","Laughlin","M",1),(269124,"Peter","Lawford","M",1),(269196,"Sean","Lawlor","M",1),(269326,"Harry (I)","Lawrence","M",1),(269401,"Matthew (I)","Lawrence","M",1),(269453,"Steve (I)","Lawrence","M",1),(269536,"Denis","Lawson","M",1),(270444,"Derek","Lea","M",1),(270527,"Richard","Leaf","M",1),(271316,"Bernard","Ledger","M",1),(271396,"Nathaniel","Lee Jr.","M",1),(271849,"Jason (I)","Lee","M",1),(272379,"Tommy (VI)","Lee","M",1),(272456,"Zachary","Lee","M",1),(272557,"John","Lees","M",1),(272703,"Tim","Leffman","M",1),(272853,"David","Legeno","M",2),(272971,"Adam","LeGrant","M",1),(273276,"Ron","Leibman","M",1),(273506,"David","Leitch","M",1),(273819,"Curtis","LeMay","M",1),(273956,"Jack","Lemmon","M",1),(274282,"Thomas (III)","Lennon","M",1),(274881,"Richard","LeParmentier","M",1),(274897,"Ray","LePere","M",1),(275713,"Jared","Leto","M",1),(275761,"Al","Lettieri","M",1),(275842,"Ken (I)","Leung","M",1),(276083,"Jay","Levey","M",1),(276920,"Gus","Lewis","M",1),(277029,"Lennox","Lewis","M",1),(277250,"David","Lewison","M",1),(277813,"Brian","Libby","M",1),(278406,"Richard","Lifschutz","M",1),(278501,"Michael","Lightsey","M",1),(279222,"Chandler","Lindauer","M",1),(279903,"Van","Ling","M",1),(280303,"Jeff","Lipman","M",1),(280383,"Andrew","Lipschultz","M",1),(280540,"Gaetano","Lisi","M",1),(280561,"Laine","Liska","M",1),(280713,"John","Lithgow","M",2),(280984,"Chia Hui","Liu","M",2),(281238,"Ron","Livingston","M",1),(281243,"Tyrone R.","Livingston","M",1),(282065,"John (II)","Locke","M",1),(282244,"Henry Cabot","Lodge","M",1),(282610,"Spain","Logue","M",1),(282845,"David S.","Lomax","M",1),(283456,"Mike","Longman","M",1),(283561,"Shep","Lonsdale","M",1),(283663,"Dean","Lopata","M",1),(284337,"Scotch Ellis","Loring","M",2),(284742,"Jonathan","Loughran","M",1),(284829,"Todd","Louiso","M",1),(285134,"Jim","Lovell","M",1),(285368,"Lawrence","Lowe","M",1),(287087,"Patrice","Lumumba","M",1),(287224,"Morgan","Lund","M",1),(287321,"Jacob Neal","Lunders","M",1),(288254,"Will","Lyman","M",1),(288312,"Don (II)","Lynch","M",1),(288354,"John Carroll","Lynch","M",1),(288752,"Austin","Lysy","M",1),(288772,"K. Todd","Lytle","M",1),(289830,"Bernie","Mac","M",1),(289909,"James (I)","MacArthur","M",1),(290194,"Ryan (I)","MacDonald","M",1),(290329,"Frank","Macetta","M",1),(290341,"Angus","Macfadyen","M",1),(290708,"Angus","MacInnes","M",1),(290848,"Kevin Scott","Mack","M",1),(291110,"Andrew","Mackin","M",1),(291564,"William H.","Macy","M",1),(292028,"Michael (I)","Madsen","M",3),(292379,"Ken","Magee","M",1),(292742,"Augusto","Magoni","M",1),(292815,"George","Maguire","M",1),(293066,"Kabir","Mahjoori","M",1),(293993,"Jun","Maki","M",1),(294667,"Joshua","Malina","M",1),(295164,"Peter (I)","Maloney","M",1),(295515,"Method","Man","M",1),(296048,"Alf","Mangan","M",1),(296549,"Scott (I)","Mann","M",1),(296907,"J.P.","Manoux","M",1),(296955,"Clint","Mansell","M",1),(297105,"Paul","Mantee","M",1),(297473,"William","Mapother","M",1),(297612,"Adam","Maras","M",1),(297613,"Bob","Maras","M",1),(298555,"Noah","Margetts","M",1),(298615,"Mark","Margolis","M",1),(298874,"Jason","Marin","M",1),(299076,"Nicholas","Marino","M",1),(299436,"Brian","Markinson","M",1),(299756,"Ben","Marley","M",1),(299764,"John","Marley","M",1),(299922,"Akaji","Maro","M",1),(300405,"Kenneth","Mars","M",1),(300498,"Charles (II)","Marsh","M",1),(300701,"James (I)","Marshall","M",1),(300784,"Robert (II)","Marshall","M",1),(301208,"B.J.","Martin","M",1),(301244,"Brad (I)","Martin","M",1),(301555,"John C.","Martin","M",1),(301563,"Johnny (I)","Martin","M",1),(301810,"Steve (I)","Martin","M",1),(302252,"Lou","Martini Jr.","M",1),(302307,"Al","Martino","M",1),(302319,"John (I)","Martino","M",1),(304444,"Owen","Masterson","M",1),(304920,"Tim (I)","Matheson","M",1),(304966,"John M.","Mathews","M",2),(305678,"Walter","Matthau","M",1),(305705,"Al","Matthews","M",1),(306573,"Brad","Mavis","M",1),(306623,"James","Mawhinney","M",1),(306790,"Paul (I)","Maxwell","M",1),(306942,"Seth Michael","May","M",1),(307200,"Peter (II)","Mayhew","M",1),(307236,"Jeff (I)","Maynard","M",1),(307547,"Stan","Mazin","M",1),(308329,"Holt","McCallany","M",1),(308366,"Rick (I)","McCallum","M",1),(308540,"Eugene (III)","McCarthy","M",1),(308572,"Kevin (I)","McCarthy","M",1),(308631,"Sean (I)","McCartin","M",1),(308971,"John J.","McCloy","M",1),(309010,"Marc (I)","McClure","M",1),(309156,"John (I)","McConnell","M",1),(309251,"J. Patrick","McCormack","M",1),(309501,"Paul","McCrane","M",1),(309571,"Alex","McCrindle","M",1),(309697,"Grant","McCune","M",1),(310030,"Mac (I)","McDonald","M",1),(310474,"Colin (I)","McFarlane","M",1),(310708,"Bruce","McGill","M",1),(310765,"John C.","McGinley","M",1),(310769,"Sean","McGinley","M",1),(310781,"Russ","McGinn","M",1),(310868,"Patrick","McGoohan","M",1),(310883,"Barry","McGovern","M",1),(310903,"Michael (I)","McGovern","M",1),(311597,"Tim","McIntyre","M",1),(311663,"David (II)","McKay","M",1),(311756,"Michael","McKean","M",1),(311828,"Mark","McKeel","M",1),(312231,"Ray","McKinnon","M",2),(312299,"Rod","McKuen","M",1),(312623,"Errol","McLendon","M",1),(312773,"Liam","McMahon","M",1),(312806,"Don (I)","McManus","M",1),(312961,"Patrick","McMullen","M",1),(313126,"Pat (I)","McNamara","M",1),(313131,"Robert (I)","McNamara","M",1),(313569,"Michael (I)","McShane","M",1),(313583,"Gerard","McSorley","M",1),(313916,"Nick","Meaney","M",1),(313930,"Randy","Means","M",1),(313969,"Dean","Measor","M",1),(314365,"Frank","Medrano","M",1),(315810,"Larry","Melton","M",1),(316965,"Larry","Merchant","M",1),(317829,"Jim","Meskimen","M",1),(318099,"Mark","Metcalf","M",1),(318673,"Eric (II)","Meyers","M",1),(318718,"Rusty","Meyers","M",1),(318797,"Lou","Meza","M",1),(319724,"Patrick","Mickler","M",1),(319795,"Clark","Middleton","M",1),(319868,"Hikaru","Midorikawa","M",1),(320748,"Andy","Milder","M",1),(320846,"Mack","Miles","M",1),(320960,"Tomas","Milian","M",1),(321300,"Chris (III)","Miller","M",1),(321301,"Chris (VII)","Miller","M",1),(321383,"Dick (I)","Miller","M",1),(321731,"Matt (II)","Miller","M",1),(322384,"Zeke","Mills","M",1),(322781,"Kazuyoshi","Minamimagoe","M",1),(323181,"Willie","Minor","M",1),(323403,"Evan","Mirand","M",1),(324334,"Red (II)","Mitchell","M",1),(325101,"Robert (I)","Mobbs","M",1),(325748,"John","Moio","M",1),(327340,"Lenny","Montana","M",1),(327456,"Sal","Monte","M",1),(328248,"Jeff","Moon","M",1),(328405,"Bennie","Moore","M",1),(330833,"Yoshiyuki","Morishita","M",1),(332260,"Ryan B.","Moschetti","M",1),(332724,"Mohammed","Mossadegh","M",1),(332893,"Akira","Motomura","M",1),(334370,"Peter","Mullan","M",1),(335034,"Jan","Munroe","M",2),(335368,"Bill","Murdoch","M",1),(335617,"Cillian","Murphy","M",1),(335657,"Eddie (I)","Murphy","M",1),(335689,"Gerard (II)","Murphy","M",1),(335791,"Martin (I)","Murphy","M",1),(335829,"Patrick (IV)","Murphy","M",1),(335955,"Bill (I)","Murray","M",1),(336279,"John","Murtagh","M",1),(336283,"James","Murtaugh","M",1),(337097,"Mike","Myers","M",1),(338314,"Joseph","Nadell","M",1),(338797,"Ajay","Naidu","M",2),(338938,"Tetsuro","Naka","M",1),(339292,"Kanako","Nakazato","M",1),(339994,"Akimitsu","Naruyama","M",1),(340538,"Geoffrey","Nauffts","M",1),(341012,"Larry","Nazimek","M",1),(341134,"Edwin","Neal","M",1),(341480,"Liam","Neeson","M",1),(341916,"Adam (I)","Nelson","M",1),(341985,"Christopher Allen","Nelson","M",2),(341991,"Clifford","Nelson","M",1),(342248,"Sandy (II)","Nelson","M",1),(342280,"Tim Blake","Nelson","M",1),(342443,"Sean","Nepita","M",1),(342939,"Larry","Neumann Jr.","M",1),(343346,"Ron (I)","Newell","M",1),(343482,"John M.","Newman","M",1),(343502,"Mark D.","Newman","M",1),(343714,"Wayne","Newton","M",1),(343930,"Dinh Diem","Ngo","M",1),(344454,"Jack","Nicholson","M",1),(346233,"Daniel","Niswander","M",1),(346397,"Richard","Nixon","M",1),(346988,"Paul L.","Nolan","M",1),(347118,"Kunichi","Nomura","M",1),(347754,"Lance","Norris","M",1),(347922,"Alex","Norton","M",1),(347943,"Edward (I)","Norton","M",1),(348858,"Danny","Nucci","M",1),(349878,"Paul","O'Boyle","M",1),(349905,"Patrick (I)","O'Brian","M",1),(349915,"Austin","O'Brien","M",1),(349941,"Conan","O'Brien","M",1),(350069,"Niall","O'Brien","M",1),(350285,"Ruary","O'Connell","M",1),(350358,"David (I)","O'Connor","M",1),(350741,"Conor","O'Farrell","M",1),(350889,"David (I)","O'Hara","M",1),(350939,"Denis","O'Hare","M",1),(350997,"Ed","O'Keefe","M",1),(351075,"Jer","O'Leary","M",1),(351253,"Mike (II)","O'Neal","M",1),(351274,"Stephen","O'Neil Martin","M",1),(352931,"Kenji","Ohba","M",1),(353175,"Yuji","Okabe","M",1),(353656,"Gary","Oldman","M",2),(354484,"Bjørn (I)","Olsen","M",1),(354791,"Willem","Oltmans","M",1),(356562,"Louis","Ortiz","M",1),(356699,"Bob","Orwig","M",1),(357320,"Ron","Ostrow","M",1),(358426,"Kevin","Owers","M",1),(358535,"Michael","Ozag","M",1),(358555,"Robert","Ozasky","M",1),(358968,"Al","Pacino","M",1),(358984,"Gene","Pack","M",1),(359448,"Oliver","Page","M",1),(359477,"T. Bruce","Page","M",1),(359632,"Shah Mohammed Reza","Pahlavi","M",1),(360502,"Gary (I)","Palmer","M",1),(360793,"Lew","Palter","M",1),(361482,"Joe","Pantoliano","M",2),(361582,"Connor","Paolo","M",1),(362075,"John","Paragon","M",1),(362717,"Steve (I)","Park","M",1),(362802,"Anthony Ray","Parker","M",1),(362817,"Brad (I)","Parker","M",1),(363245,"James","Parks","M",1),(363257,"Michael (I)","Parks","M",2),(363615,"Anthony","Parrulli","M",1),(363724,"Jim (II)","Parsons","M",1),(364719,"Robert","Paterson","M",1),(365287,"Frank (III)","Patton","M",1),(366173,"Bill","Paxton","M",3),(366618,"Guy (I)","Pearce","M",1),(366696,"Stephen","Pearlman","M",1),(366715,"Clive","Pearse","M",1),(366808,"Malachi","Pearson","M",1),(366832,"Shaun","Pearson","M",1),(366884,"Michael","Peavey","M",1),(367071,"Joe","Pecoraro","M",1),(367572,"Todd","Peirce","M",1),(367646,"Gregory","Pekar","M",1),(368399,"Chris (I)","Penn","M",2),(368424,"Sean","Penn","M",1),(368457,"Ted","Pennebaker","M",1),(368628,"Del","Pentecost","M",1),(369198,"Marco","Perella","M",1),(369461,"Timothy Paul","Perez","M",1),(370374,"John","Perryman","M",1),(370660,"Joe","Pesci","M",1),(371050,"Robert (I)","Peters","M",1),(371393,"Lorne","Peterson","M",1),(371745,"George","Petrie","M",1),(372035,"Rick","Petrucelli","M",1),(372149,"Dan (I)","Pettersson","M",1),(373005,"Emo","Philips","M",1),(373241,"Jonathan (I)","Phillips","M",1),(373998,"Bill","Pickle","M",1),(374730,"Gary","Pike","M",1),(374784,"Joseph","Pilato","M",1),(375500,"Mark","Pinter","M",1),(376249,"Brad","Pitt","M",3),(376350,"Greg (II)","Pitts","M",1),(376648,"Tony","Plana","M",1),(378220,"Antonio","Polk","M",1),(378277,"Kevin","Pollak","M",1),(378476,"Alan","Polonsky","M",1),(378578,"Stevo","Polyi","M",3),(378974,"J.T.","Pontino","M",1),(379198,"Manley","Pope Jr.","M",1),(380135,"Justin","Possenti","M",1),(380938,"Marcus","Powell","M",1),(381097,"David F.","Powers","M",1),(381107,"Francis Gary","Powers","M",1),(381992,"Harve","Presnell","M",1),(382123,"J.A.","Preston","M",1),(382324,"Steve F.","Price Jr.","M",1),(383394,"Ray","Proscia","M",1),(383529,"David","Proval","M",2),(383596,"David","Prowse","M",1),(384513,"John","Pungitore","M",1),(384778,"Jack","Purvis","M",1),(384898,"Duncan","Putney","M",1),(385452,"Miguel (I)","Pérez","M",1),(385663,"Shaobo","Qin","M",1),(385911,"Van","Quattro","M",1),(386627,"Luke","Quinton","M",1),(387921,"Joseph","Ragno","M",1),(388301,"David","Raiport","M",1),(388511,"Cliff","Rakerd","M",1),(388899,"Anthony (I)","Ramirez","M",1),(389753,"Chad","Randau","M",1),(390093,"Steve","Rankin","M",1),(390454,"Jim","Raqelin","M",1),(390972,"A. Ray","Ratliff","M",1),(392562,"Ray","Redd","M",1),(392613,"Brian","Reddy","M",1),(392666,"H.E.D.","Redford","M",1),(392786,"Markus","Redmond","M",1),(393119,"Richard (III)","Reed","M",1),(393147,"Steve","Reed","M",1),(393411,"Keanu","Reeves","M",1),(393449,"Steve","Reevis","M",1),(393971,"Mike (I)","Reid","M",1),(394020,"Rob","Reider","M",1),(394261,"Carl","Reiner","M",1),(394283,"Tracy","Reiner","M",1),(394516,"Paul","Reiser","M",1),(394821,"Calvin","Remsberg","M",1),(394992,"Victor","Rendina","M",1),(395021,"John (I)","Reneau","M",1),(395093,"Chris","Renna","M",1),(395132,"Callum Keith","Rennie","M",1),(395522,"Joe","Restivo","M",1),(396079,"Rupert","Reyes","M",1),(396528,"Ving","Rhames","M",1),(396814,"Ralph","Riach","M",1),(397039,"Giovanni","Ribisi","M",1),(397623,"Bill (III)","Richards","M",1),(397635,"Burt","Richards","M",1),(397770,"Michael (I)","Richards","M",1),(397809,"Sal","Richards","M",1),(398679,"Frank","Ridley","M",1),(398789,"Peter","Riegert","M",1),(398802,"Richard","Riehle","M",1),(398869,"Armando","Riesco","M",1),(398943,"Ron","Rifkin","M",1),(398944,"Steve","Rifkin","M",1),(399230,"Gary (I)","Riley","M",1),(399367,"Shane","Rimmer","M",1),(400031,"Guy","Ritchie","M",1),(400164,"James (I)","Ritz","M",1),(400872,"Linus","Roache","M",1),(401104,"Tim (I)","Robbins","M",2),(401895,"George R.","Robertson","M",1),(402212,"Chris (II)","Robinson","M",1),(402340,"James (II)","Robinson","M",1),(402481,"Raymone","Robinson","M",1),(402498,"Robby","Robinson","M",1),(402568,"Troy","Robinson","M",1),(402708,"John","Robotham","M",1),(402830,"Alex","Rocco","M",1),(403151,"Nelson","Rockefeller","M",1),(403180,"David","Rockit Hynes","M",1),(403345,"Kevin","Roden","M",1),(403501,"Alex","Rodine","M",1),(404379,"David C.","Roehm Sr.","M",1),(405572,"Mark","Rolston","M",2),(406571,"Michael","Rooker","M",1),(406711,"Stephen (I)","Root","M",2),(406907,"Thomas","Rosales Jr.","M",1),(406968,"José Ramón","Rosario","M",1),(406971,"Marcio","Rosario","M",1),(407154,"Jim (I)","Rose","M",1),(407308,"Johnny","Roselli","M",1),(407465,"Arthur","Rosenberg","M",1),(407892,"Tom","Rosqui","M",1),(408215,"Ricco","Ross","M",1),(408902,"Tim","Roth","M",2),(409131,"George","Roubicek","M",1),(409474,"Jimmy","Roussounis","M",1),(409790,"Oscar","Rowland","M",1),(410850,"Roman","Rudenko","M",1),(411006,"Reed","Rudy","M",1),(411200,"Steve","Ruge","M",1),(412221,"Kurt (I)","Russell","M",1),(412279,"Richard (II)","Russell","M",1),(412398,"Gianni (I)","Russo","M",1),(412451,"Perry R.","Russo","M",1),(412573,"Robert","Ruth","M",2),(412682,"Richard","Rutowski","M",1),(413114,"Will","Ryan","M",1),(414502,"Robin","Sachs","M",1),(414705,"William (I)","Sadler","M",1),(414913,"Dr. Anatoly M.","Sagalevitch","M",1),(415630,"Yumika","Saki","M",1),(415674,"Matthew","Saks","M",1),(416655,"Tony","Salome","M",1),(418173,"Jay O.","Sanders","M",1),(418701,"Jonathan","Sanger","M",1),(420051,"Oren","Sarch","M",1),(420479,"Peter","Sarsgaard","M",1),(420990,"Sakichi","Satô","M",1),(421660,"Joe","Savino","M",1),(422368,"Jeffrey","Scaperrotta","M",1),(422784,"Steven I.","Schafer","M",1),(424672,"Peter","Schmitz","M",1),(425137,"Leslie","Schofield","M",1),(425670,"Fred","Schruers","M",1),(425938,"Armand","Schultz","M",1),(426251,"Tom","Schuster","M",1),(426293,"Laurent","Schwaar","M",1),(426450,"Jon (I)","Schwartz","M",1),(426461,"Lloyd","Schwartz","M",1),(426496,"Scott L.","Schwartz","M",1),(426649,"Kurt","Schweickhardt","M",1),(427337,"Chris (III)","Scott","M",1),(427695,"Nathan (II)","Scott","M",1),(427835,"Timothy (I)","Scott","M",1),(427898,"William","Scott-Masson","M",1),(427924,"Vito","Scotti","M",1),(429205,"Ray","Seiden","M",1),(429374,"John","Seitz","M",1),(429501,"Haile","Selassie","M",1),(430428,"Arthur","Senzy","M",2),(430641,"Rade","Serbedzija","M",2),(431679,"Brent","Sexton","M",1),(431701,"Merlyn","Sexton","M",1),(432677,"Michael (V)","Shannon","M",1),(433068,"Duane","Sharp","M",1),(433731,"Patrick (III)","Shea","M",1),(433904,"Martin","Sheen","M",1),(434249,"Kent","Shelton","M",1),(434338,"Ben (II)","Shenkman","M",1),(434562,"Sy","Sher","M",1),(435124,"Kazuko (I)","Shibata","M",1),(435165,"Andrew","Shield","M",1),(435264,"Osamu","Shigematu","M",1),(435415,"Tetsuro","Shimaguchi","M",1),(435526,"Asuka","Shimuzu","M",1),(436214,"Gary","Shorelle","M",1),(436258,"John","Short","M",1),(436358,"David M.","Shoup","M",1),(438105,"Gregory","Silva","M",1),(438109,"Henry","Silva","M",1),(438134,"Jorge (II)","Silva","M",1),(438265,"Trinidad","Silva","M",1),(439346,"Fred","Simonds","M",1),(439574,"Robert","Simper","M",1),(440072,"Jeremy","Sinden","M",1),(440526,"Gary","Sinise","M",1),(441022,"Emil","Sitka","M",1),(441120,"Frank","Sivero","M",1),(441300,"Curt","Skaggs","M",1),(441304,"Jimmie F.","Skaggs","M",1),(441312,"Bix","Skahill","M",1),(441610,"Michael","Skipper","M",1),(442103,"Max Elliott","Slade","M",1),(442667,"Joey","Slotnick","M",1),(443171,"Eddie Bo","Smith Jr.","M",1),(443594,"David Lee","Smith","M",1),(443599,"Dean (I)","Smith","M",1),(444015,"Jim (I)","Smith","M",1),(444634,"Simon J.","Smith","M",1),(444656,"Stephen Wolfe","Smith","M",1),(445127,"Tim","Snay","M",1),(445208,"Roy","Snell","M",1),(445292,"Ed","Snodderly","M",1),(445758,"Steven","Soderbergh","M",1),(445788,"Ronn","Soeda","M",1),(447116,"David (II)","Sontag","M",1),(447119,"Larry","Sontag","M",1),(447419,"Aaron","Sorkin","M",1),(447813,"Michael","Sottile","M",1),(448453,"Timothy","Spall","M",1),(448529,"Joe (I)","Spano","M",1),(449070,"Brad (I)","Spencer","M",1),(449381,"Alvin","Spicuzza","M",1),(449430,"Steven","Spielberg","M",1),(449574,"Joe","Spinell","M",1),(450598,"John","St. Paul","M",1),(451797,"Joe (II)","Stapleton","M",1),(452242,"Jason","Statham","M",1),(452549,"Trevor","Steedman","M",2),(452722,"Richard (I)","Steele","M",1),(452774,"David (I)","Steen","M",1),(452838,"Burr","Steers","M",2),(453151,"Ben","Stein","M",1),(453751,"Gregory","Stenson","M",1),(453799,"Yuri (II)","Stepanov","M",1),(453895,"Cliff","Stephens","M",1),(454061,"Robert J.","Stephenson","M",1),(454105,"Jodiviah","Stepp","M",1),(454171,"Andrei","Sterling","M",1),(454860,"Adlai","Stevenson","M",1),(454993,"Emanuel","Steward","M",1),(455151,"Ewan (I)","Stewart","M",1),(455851,"George","Stock","M",1),(456190,"Murray","Stokes","M",1),(456302,"Christian","Stolte","M",1),(456313,"Eric","Stoltz","M",1),(456609,"Sean","Stone","M",1),(456655,"Sam","Stoneburner","M",1),(456885,"Peter","Stormare","M",1),(457189,"David","Strahlberg","M",1),(457215,"Roy","Straite","M",1),(457224,"Mark","Straker","M",1),(457325,"Mark (I)","Strange","M",1),(458852,"Peter","Sturgeon","M",1),(459441,"Shun","Sugata","M",1),(460006,"Darius A.","Sultan","M",1),(460144,"John E.","Summers","M",1),(460159,"Neil","Summers","M",1),(460215,"Peter","Sumner","M",1),(460895,"Donald (I)","Sutherland","M",2),(460917,"Kiefer","Sutherland","M",1),(461413,"Bo","Svenson","M",1),(462470,"John","Sylla","M",1),(462473,"Tom","Sylla","M",1),(462628,"The Great John","Sypolt","M",1),(462782,"Peter","Szakacs","M",1),(462918,"Béla","Szedlák","M",1),(462919,"Ferenc","Szedlák","M",1),(464470,"Gary","Taggart","M",1),(464554,"John","Taheny","M",1),(464555,"Michael","Taheny","M",1),(464800,"Ikuko","Takahashi","M",1),(464802,"Issei","Takahashi","M",1),(464989,"Noguchi","Takayuki","M",1),(465155,"Kei","Takyo","M",1),(465353,"Alan","Tall","M",1),(465884,"Koichi (I)","Tanaka","M",1),(465932,"Yoji","Tanaka","M",1),(466074,"Tony","Tang","M",1),(466585,"Quentin","Tarantino","M",2),(467346,"Anthony","Taurasi","M",1),(467518,"David","Tawil","M",1),(468060,"Maxwell","Taylor","M",1),(468102,"Noah","Taylor","M",1),(468167,"Robert (VII)","Taylor","M",1),(468177,"Rocky (I)","Taylor","M",1),(469043,"Michael","Telmont","M",1),(469664,"Leonard","Termo","M",1),(470693,"Mick","Theo","M",1),(471342,"David Jean","Thomas","M",1),(471769,"Rohn","Thomas","M",1),(471961,"Reece P.","Thompson III","M",1),(472335,"Mel","Thompson","M",1),(472651,"Cameron","Thor","M",1),(472909,"Bill","Thorpe","M",1),(473634,"Lawrence","Tierney","M",1),(473636,"Malcolm","Tierney","M",2),(473853,"Andy","Till","M",1),(474363,"Wayne","Tippet","M",1),(474368,"Phil","Tippett","M",1),(474375,"Tip","Tipping","M",1),(474386,"Ken","Tipton","M",1),(474882,"Stephen","Tobolowsky","M",1),(474929,"Lee","Tockar","M",1),(474979,"Bryan (II)","Todd","M",1),(475069,"Yann","Toderi","M",1),(475243,"Jonathan","Togo","M",1),(476429,"Carl","Toop","M",1),(476507,"Velibor","Topic","M",1),(476935,"Gabriele","Torrei","M",1),(477860,"Cy","Town","M",1),(478676,"John","Travolta","M",1),(480062,"R. Gern","Trowbridge","M",1),(480247,"Mark Rafael","Truitt","M",1),(481290,"Burnell","Tucker","M",1),(481376,"Paul (IV)","Tucker","M",1),(481628,"Henry","Tull III","M",1),(481747,"Tom (I)","Tumminello","M",1),(481840,"Liam","Tuohy","M",1),(482416,"Rich","Turner","M",2),(482608,"John","Turturro","M",1),(482854,"Stephen","Twigger","M",1),(483095,"Charles","Tyner","M",1),(484554,"Morgan (I)","Upton","M",1),(484826,"Vern","Urich","M",1),(484994,"Saro","Urzì","M",1),(486314,"David","Valenza","M",1),(488059,"Brian","Van Kay","M",1),(488446,"Robin","Van Sharner","M",1),(489206,"Rupert","Vansittart","M",1),(489225,"Ed","Vantura","M",1),(490334,"Ned","Vaughn","M",1),(492299,"Conrad (I)","Vernon","M",1),(492316,"John (I)","Vernon","M",1),(493025,"Eric A.","Vicini","M",1),(493665,"Jean-Paul","Vignon","M",1),(493680,"Abe","Vigoda","M",1),(494565,"Pruitt Taylor","Vince","M",1),(495184,"Buzz","Visconti","M",1),(495778,"Matthew","Vlahakis","M",1),(496062,"David (I)","Vogt","M",1),(496490,"Daniel","von Bargen","M",1),(496708,"Martin","von Haselberg","M",1),(496736,"Walter","von Huene","M",1),(496762,"Ronald","von Klaussen","M",1),(497962,"Francisco","Váldez","M",1),(498433,"Henry M.","Wade","M",1),(498580,"Rowland","Wafford","M",1),(498933,"Robert","Wahlberg","M",1),(499298,"John","Walcutt","M",1),(499566,"Christopher","Walken","M",1),(499967,"Stephen Eugene","Walker","M",1),(500302,"Ryan (III)","Wallace","M",1),(500331,"Eli","Wallach","M",1),(500661,"Bobby","Walsh","M",1),(500666,"Brian (II)","Walsh","M",1),(500731,"J.T.","Walsh","M",1),(501054,"Jerry","Walters","M",1),(501075,"Mark Edward","Walters","M",1),(501285,"Hal","Wamsley","M",1),(501947,"Larry (I)","Ward","M",1),(501954,"Lyman","Ward","M",1),(502063,"Vincent (II)","Ward","M",1),(502344,"David (I)","Warner","M",1),(502519,"Earl (I)","Warren","M",1),(502551,"Jim (II)","Warren","M",1),(502910,"Lou B.","Washington","M",1),(503070,"Gedde","Watanabe","M",1),(503088,"Ken (I)","Watanabe","M",1),(503188,"Wilson","Waters Jr.","M",1),(503427,"Barry (I)","Watson","M",1),(503450,"Cameron (I)","Watson","M",1),(504229,"Lee (II)","Weaver","M",1),(504272,"Hugo","Weaving","M",1),(504861,"Harold","Weed","M",1),(505031,"Stephen","Wehmeyer","M",1),(505244,"Robert","Weil","M",1),(505496,"Jerry","Weintraub","M",1),(505511,"Andrew","Weir","M",1),(505706,"Jeff (I)","Weiss","M",1),(505762,"Robert K.","Weiss","M",1),(506000,"Scott","Welch","M",1),(506067,"Frank","Welker","M",1),(507014,"Don","Wescott","M",1),(507232,"Jim (I)","West","M",1),(507342,"Shane","West","M",1),(507612,"Bill (I)","Weston","M",1),(507646,"Michael (I)","Weston","M",1),(507810,"Alex","Wexo","M",1),(507903,"Frank","Whaley","M",2),(508087,"John (I)","Wheeler","M",1),(508109,"Mark (I)","Wheeler","M",1),(508288,"Duane","Whitaker","M",1),(508359,"Adryn","White","M",1),(508419,"Buck","White","M",1),(508688,"Kenneth (I)","White","M",1),(508880,"Stanley","White","M",1),(508895,"Tam","White","M",1),(509261,"James","Whitmore","M",1),(509410,"Gene","Whittington","M",1),(509502,"Mal","Whyte","M",1),(509689,"James","Widdoes","M",1),(510458,"Bates","Wilder","M",1),(510575,"Michael Shamus","Wiles","M",1),(510918,"Tom (I)","Wilkinson","M",1),(511078,"Jhaemi","Willens","M",1),(511354,"Chalon","Williams","M",1),(511760,"Joe (IV)","Williams","M",1),(511867,"Larry (XII)","Williams","M",1),(511973,"Mykal Wayne","Williams","M",1),(512212,"Steve 'Spaz'","Williams","M",1),(512541,"Bruce","Willis","M",1),(512626,"Phillip L.","Willis","M",1),(512688,"Mark","Willms","M",1),(512793,"Paul (I)","Willson","M",1),(513645,"Garth","Wilton","M",1),(513705,"Brian","Wimmer","M",1),(513863,"William","Windom","M",1),(514278,"Matt (I)","Winston","M",1),(514454,"Scott","Winters","M",1),(514908,"Joseph","Witt","M",1),(514911,"Louis Steven","Witt","M",1),(514922,"Rowan","Witt","M",1),(515526,"George C.","Wolfe","M",1),(516466,"Fred","Wood","M",1),(516641,"Tom (II)","Wood","M",1),(516846,"Tom","Woodruff Jr.","M",1),(517076,"Randy","Woodside","M",1),(517126,"John R.","Woodward","M",1),(517132,"Lawrence","Woodward","M",1),(517767,"Ben (I)","Wright","M",1),(517793,"Bruce (I)","Wright","M",1),(518067,"Samuel E.","Wright","M",1),(518086,"Steven (I)","Wright","M",1),(518563,"Noah","Wyle","M",1),(518624,"Nicholas","Wyman","M",1),(518701,"Angus G.","Wynne III","M",1),(518886,"Malcolm","X","M",1),(519486,"Kazuo","Yamada","M",1),(519545,"Akira (II)","Yamaguchi","M",1),(519687,"Satoshi","Yamanaka","M",1),(520090,"'Weird Al'","Yankovic","M",1),(520254,"Derek","Yardley","M",1),(521619,"Carl Gabriel","Yorke","M",1),(521886,"Bill (I)","Young","M",1),(522415,"Jim","Youngs","M",1),(522807,"Diamond","Yukai","M",1),(522851,"Bernie","Yuman","M",1),(524132,"Billy","Zane","M",1),(525594,"Zhang Jin","Zhan","M",1),(526627,"Donald","Zinn","M",1),(529149,"Pamela","Abdy","F",1),(530401,"Kelly","Adkins","F",1),(533380,"Karen (I)","Allen","F",1),(533504,"Sara","Allen","F",1),(533710,"Jennifer","Allswang","F",1),(534915,"Suzy","Amis","F",1),(535586,"Jo (I)","Anderson","F",1),(535754,"Sharon","Anderson","F",1),(536750,"Jennifer","Aniston","F",1),(537264,"Tracey","Antosiweicz","F",1),(539150,"Rosanna","Arquette","F",1),(540103,"Jennifer","Aspen","F",1),(540321,"Nao","Asuka","F",1),(541008,"Agnes","Aurelio","F",1),(541111,"Julie (I)","Austin","F",1),(541435,"Wendy Lee","Avon","F",1),(541607,"Debbon","Ayer","F",1),(541702,"Rosalind","Ayres","F",1),(545489,"Jacquie","Barnbrook","F",1),(547122,"Alexandra","Bastedo","F",1),(547276,"Bobbie","Bates","F",1),(547303,"Kathy (I)","Bates","F",1),(547549,"Belinda (I)","Bauer","F",1),(547741,"Lisa","Baur","F",1),(549030,"Reda","Beebe","F",1),(550236,"Judith","Belushi-Pisano","F",1),(550248,"Jackie","Belvin","F",1),(551171,"Jodi","Benson","F",1),(553415,"Joanne","Bett","F",1),(553953,"Valerie","Bickford","F",1),(554784,"Cecelia Ann","Birt","F",1),(555599,"Renee","Blaine","F",1),(556691,"Verna","Bloom","F",1),(557226,"Petra","Boden","F",1),(557743,"Citlati Guadalupe","Bojorquez","F",1),(558289,"Eugenie","Bondurant","F",1),(558382,"Helena","Bonham Carter","F",1),(560216,"Dawn M.","Bourn","F",1),(560580,"Sarah (I)","Bowles","F",1),(560624,"Melodee","Bowman","F",1),(560719,"Alexandra","Boyd","F",1),(562444,"Marianna","Breland","F",1),(562717,"Fannie","Brett","F",1),(563536,"Meghan","Broadhead","F",1),(563537,"Mimi","Broadhead","F",1),(564927,"Tamara (I)","Brown","F",1),(565166,"Carol","Bruce","F",1),(566874,"Janice","Burchette","F",1),(567368,"Olivia","Burnette","F",1),(568474,"Carolyn","Byrne","F",1),(569014,"Christina","Cabot","F",1),(570022,"Mhairi","Calvey","F",1),(570616,"Kimberly (I)","Campbell","F",1),(572783,"Andi","Carnick","F",1),(572929,"Julia","Carothers Hughes","F",1),(573523,"Pat (I)","Carroll","F",1),(573952,"Nancy","Cartwright","F",1),(574986,"Diana","Castle","F",1),(575732,"Laura","Cayouette","F",1),(575999,"Suzanne","Celeste","F",1),(578075,"Charlotte","Chatton","F",1),(578128,"Violette","Chauveau","F",1),(578188,"Mykel","Chaves","F",1),(583108,"Gilda","Cohen","F",1),(583693,"Barbara","Coles","F",1),(583735,"Valerie","Colgan","F",1),(584127,"Nikki (II)","Collins","F",1),(584158,"Teena","Collins","F",1),(584471,"Holly Marie","Combs","F",1),(584867,"Nellie","Connally","F",1),(585548,"Mary Kay","Cook","F",1),(586071,"Sofia","Coppola","F",1),(588021,"Evelyn","Cox","F",1),(588101,"Suzanne","Cox","F",1),(589148,"Gail","Cronauer","F",1),(589158,"Christie","Cronenweth","F",1),(589358,"Caroline","Crosthwaite-Eyre","F",1),(589421,"Alice Marie","Crowe","F",1),(589427,"Cindy","Crowe","F",1),(589608,"Lucia","Cruz Marroquin","F",1),(589713,"Penélope","Cruz","F",1),(590235,"Wilma Jeanne","Cummins","F",1),(590723,"Sorcha","Cusack","F",1),(591697,"Monica M.","Da Silva","F",1),(592087,"Yû","Daiki","F",1),(593617,"Jennifer","Darling","F",1),(594265,"Lolita","Davidovich","F",1),(594542,"Allison Pratt","Davis","F",1),(595015,"Tori","Davis","F",1),(595613,"Maria","De Aragon","F",1),(596318,"Holly","De Jong","F",1),(596738,"Maria","de Lourdes Lombera","F",1),(596862,"Maria","de Medeiros","F",1),(597426,"Ruth","de Sosa","F",1),(599020,"Maria","Del Rosario Gutiérrez","F",1),(600416,"Katherine","Denning","F",1),(600417,"Natalie (I)","Denning","F",1),(602370,"Cameron","Diaz","F",2),(602511,"Kim","Dickens","F",1),(602559,"Angie","Dickinson","F",1),(602571,"Misty","Dickinson","F",1),(604807,"Julie","Donatt","F",1),(605730,"Diana (I)","Douglas","F",1),(605742,"Illeana","Douglas","F",1),(605924,"Ann","Dowd","F",1),(606081,"Dierdre","Downing-Jackson","F",1),(606539,"Fran","Drescher","F",1),(606682,"Julie","Dreyfus","F",1),(607053,"Celine","du Tertre","F",1),(608339,"Kathleen S.","Dunn","F",1),(610382,"Sadie (I)","Eddon","F",1),(610800,"Paddi","Edwards","F",1),(612605,"Jennifer Jane","Emerson","F",1),(613134,"Sherry","Engstrom","F",1),(613315,"Jeannie","Epper","F",1),(613378,"Kathryn","Erbe","F",1),(616010,"Kim","Falkinburg","F",1),(616252,"Carol","Farabee","F",1),(616440,"Anna","Faris","F",1),(616663,"Gail","Farrell","F",1),(617939,"Amy","Ferguson","F",1),(620283,"Carrie","Fisher","F",1),(620301,"Frances (I)","Fisher","F",1),(621016,"Anne","Fletcher","F",1),(621159,"Jill","Flint","F",1),(621259,"Carol","Florence","F",1),(621545,"Catherine","Flye","F",1),(623010,"Gloria","Foster","F",1),(623022,"Janine","Foster","F",1),(623436,"Jorja","Fox","F",1),(623457,"Lauren (I)","Fox","F",1),(623535,"Vivica A.","Fox","F",2),(624510,"Laura (II)","Fraser","F",1),(624531,"Shelagh","Fraser","F",1),(624888,"Kathleen (I)","Freeman","F",1),(625635,"Roxie M.","Frnka","F",1),(626150,"Sachiko","Fujii","F",1),(626225,"Ronnie Yoshiko","Fujiyama","F",1),(627035,"Elisa","Gabrielli","F",1),(627384,"Amy","Gaipa","F",1),(627711,"Lori","Galinski","F",1),(627760,"Bronagh","Gallagher","F",1),(629712,"Aimee Amanda","Garten","F",1),(629713,"Jo Lynn","Garten","F",1),(629755,"Kathy","Garver","F",1),(631024,"Kim","Genell","F",1),(631318,"Barbara","George-Reiss","F",1),(633197,"Jennifer","Gimenez","F",1),(635153,"Jenette","Goldstein","F",2),(636253,"Elizabeth","Gorcey","F",1),(636304,"Barbara (II)","Gordon","F",1),(636338,"Denni","Gordon","F",1),(636385,"Joanne","Gordon","F",1),(636657,"Eydie","Gormé","F",1),(637412,"Melissa Renee","Graehl","F",1),(638626,"Ari","Graynor","F",1),(639326,"Julie","Gregg","F",1),(639416,"Mary Ethel","Gregory","F",1),(639873,"Jennifer (I)","Griffin","F",1),(639885,"Kathy","Griffin","F",1),(640057,"Susan","Griffiths","F",1),(640482,"Stacy","Grooman","F",1),(645491,"Rachel","Hammond","F",1),(645886,"Perla","Haney-Jardine","F",1),(645969,"Maureen","Hanley","F",1),(646020,"Daryl","Hannah","F",2),(646604,"April","Hardcastle","F",1),(646623,"Marcia Gay","Harden","F",1),(646850,"Kristina","Hare","F",1),(647023,"Shalom","Harlow","F",1),(647469,"Harriet Sansom","Harris","F",1),(648036,"Oona","Hart","F",1),(648040,"Pamela (II)","Hart","F",1),(651551,"Carrie","Henn","F",1),(652012,"Julie A.","Herbert","F",1),(653075,"Christine (I)","Hewitt","F",1),(653279,"Andie","Hicks","F",1),(653798,"Jeanne (II)","Hill","F",1),(653997,"Colette","Hiller","F",1),(654019,"Brenda","Hillhouse","F",1),(654457,"Toshikawa","Hiromi","F",1),(655124,"Jackie","Hoffman","F",1),(655444,"Sarah","Holcomb","F",1),(656018,"Katie","Holmes","F",1),(657456,"Jayne","Houdyshell","F",1),(657704,"Bryce Dallas","Howard","F",1),(657711,"Cheryl (I)","Howard","F",1),(657762,"Jean Speegle","Howard","F",1),(658546,"Janet","Huege","F",1),(659281,"Samantha","Hunt","F",1),(659368,"Holly","Hunter","F",1),(659888,"Michelle","Hutchison","F",1),(661430,"Elizabeth","Inglis","F",1),(661973,"Susan (I)","Isaacs","F",1),(663169,"Victoria (I)","Jackson","F",1),(665419,"Jane (I)","Jenkins","F",1),(665680,"Kim (I)","Jensen","F",1),(666662,"Scarlett","Johansson","F",1),(666956,"Fiona","Johnson","F",1),(667101,"Lady Bird","Johnson","F",1),(667210,"Nancy (I)","Johnson","F",1),(667323,"Sunny (II)","Johnson","F",1),(667689,"Angela (I)","Jones","F",1),(667702,"Annette","Jones","F",1),(668050,"Linda (I)","Jones","F",1),(669471,"Aseneth","Jurgenson","F",1),(672860,"Hiroko","Kawasaki","F",1),(673070,"Linda","Kaye","F",2),(673153,"Yuki","Kazamatsuri","F",1),(673351,"Diane","Keaton","F",1),(673358,"Caitlin","Keats","F",1),(673856,"Susan","Kellerman","F",1),(673865,"Ambrosia","Kelley","F",1),(673878,"Jennifer Marie","Kelley","F",1),(674597,"Caroline","Kennedy","F",1),(674622,"Ethel (II)","Kennedy","F",1),(674641,"Jacqueline (I)","Kennedy","F",1),(674719,"Rose","Kennedy","F",1),(675117,"Linda","Kerns","F",1),(676314,"Helen (IV)","Kim","F",1),(677015,"Morgana","King","F",1),(677526,"Sally (I)","Kirkland","F",1),(678541,"Rebecca","Klingler","F",1),(678980,"Keira","Knightley","F",1),(679813,"Larissa","Kokernot","F",1),(683457,"Wynter","Kullman","F",1),(683804,"Chiaki","Kuriyama","F",1),(683913,"Melissa","Kurtz","F",1),(683916,"Tiffany L.","Kurtz","F",1),(685558,"Trisha","LaFache","F",1),(686422,"Catherine (II)","Lambert","F",1),(687048,"Laramie","Landis","F",1),(687554,"Sue Ane","Langdon","F",1),(688004,"Kristyn Mae-Anne","Lao","F",1),(688902,"Laurie","Latham","F",1),(689407,"Priscilla","Lauris","F",1),(691133,"Michelle Suzanne","LeDoux","F",1),(694110,"Lorelei","Leslie","F",1),(695024,"Lisa (I)","Lewis","F",1),(695231,"Lori","Lezama","F",1),(696026,"Bev","Lillywhite","F",1),(696908,"Jeannie","Linero","F",1),(697055,"Laura","Linney","F",1),(697536,"Michele (I)","Little","F",1),(697645,"Lucy","Liu","F",2),(697788,"Tere","Livrano","F",1),(698011,"Emily Ann","Lloyd","F",1),(698334,"Anne (I)","Lockhart","F",1),(698339,"Emma","Lockhart","F",1),(699052,"Amy","Long","F",1),(700526,"Laura","Lovelace","F",1),(700551,"Marilyn (II)","Lovell","F",1),(701044,"Vicki","Lucai","F",1),(703930,"Linda","MacEwen","F",1),(704920,"Ai (III)","Maeda","F",1),(706956,"Julie","Manase","F",1),(708289,"Sophie","Marceau","F",1),(709207,"Louisa","Marie","F",1),(709341,"Jeanne","Marine","F",1),(709423,"Mandana","Marino","F",1),(710722,"Lynne","Marta","F",1),(711095,"Karen","Martin","F",1),(711529,"Veronica Janet","Martinez","F",1),(712086,"Karen","Maruyama","F",1),(712567,"Maria","Mason","F",1),(713211,"Debbie","Mathieu","F",1),(713832,"Lee Anne","Matusek","F",1),(715266,"Frances Lee","McCain","F",1),(715637,"Belinda","McClory","F",1),(715702,"Edie","McClurg","F",2),(715823,"Catherine","McCormack","F",1),(716049,"Carolina","McCullough","F",1),(716350,"Frances","McDormand","F",1),(716403,"Ellen","McElduff","F",1),(716414,"Erin","McElmurry","F",1),(716748,"Mickie","McGowan","F",1),(716989,"Kinna","McInroe","F",1),(718945,"Karen","Meisinger","F",1),(720001,"Yvette","Mercedes","F",1),(720751,"Laurie","Metcalf","F",1),(720752,"Mycole","Metcalf","F",1),(721048,"Amy","Meyers","F",1),(722460,"Ivana","Milicevic","F",1),(722775,"Helen (I)","Miller","F",1),(722891,"Lindsey","Miller","F",1),(724348,"Delaina","Mitchell","F",1),(724571,"Rhona","Mitra","F",1),(726124,"Akiko","Monou","F",1),(727211,"Demi","Moore","F",1),(727540,"Stephanie L.","Moore","F",1),(727611,"Mary","Moorman","F",1),(728576,"Diana (II)","Morgan","F",1),(728638,"Julie H.","Morgan","F",1),(729237,"E.J.","Morris","F",1),(729434,"Jennifer (II)","Morrison","F",1),(729677,"Mandy","Morton","F",1),(729933,"Carrie-Anne","Moss","F",2),(730692,"Marianne","Muellerleile","F",1),(736051,"Lulie","Newcomb","F",1),(736852,"Ada","Nicodemou","F",1),(737212,"Diane","Nieman","F",1),(737316,"Espher Lao","Nieves","F",1),(737979,"Pat","Nixon","F",1),(739926,"Sally","Nystuen","F",1),(740170,"Ellen","O'Brien","F",1),(740739,"Jenny","O'Hara","F",1),(741046,"Tricia","O'Neil","F",1),(742493,"Celeste","Oliva","F",1),(744930,"Camilla","Overbye Roos","F",1),(745079,"Alexandrea","Owens","F",1),(745520,"Sonia Angelica","Padilla Curiel","F",1),(747988,"Sarah Jessica","Parker","F",1),(748340,"Alibe","Parsons","F",1),(750910,"Janaya","Pender","F",1),(750989,"Cheryl","Penland","F",1),(751680,"Pat","Perkins","F",1),(752426,"Melissa","Peterman","F",1),(756056,"Amanda","Plummer","F",1),(757495,"Catherine","Porter","F",1),(757618,"Natalie","Portman","F",1),(758314,"Beata","Pozniak","F",1),(758543,"Jane","Pratt","F",1),(758870,"Judy","Prestininzi","F",1),(761130,"Kathleen","Quinlan","F",1),(761233,"Ana Maria","Quintana","F",1),(762207,"Georgia Rae","Rainer","F",1),(763064,"Mary","Randle","F",1),(763718,"Lisa","Ratzin","F",1),(763862,"Elsa","Raven","F",1),(764135,"Patty","Raya","F",1),(764159,"Holly","Raye","F",1),(765589,"Marcia","Reider","F",1),(766230,"Julene","Renee","F",1),(770193,"Eliza","Roberts","F",1),(770247,"Julia","Roberts","F",1),(770448,"Kimmy","Robertson","F",1),(770558,"Laila","Robins","F",1),(773613,"Margot","Rose","F",1),(773636,"Pam","Rose","F",1),(773658,"Rochelle","Rose","F",1),(773694,"Thea","Rose","F",1),(774281,"Soara-Joy","Ross","F",1),(774501,"Emmy","Rossum","F",1),(775939,"Kristin","Rudrüd","F",1),(776683,"Lucy","Russell","F",1),(776772,"Zabeth","Russell","F",1),(777168,"Jeri","Ryan","F",1),(778957,"Graciela","Salazar Mendoza","F",1),(780070,"W. Lauren","Sanchez","F",1),(782153,"Ani","Sava","F",1),(783303,"Mary Kate","Schellhardt","F",1),(784772,"Julia","Schuler","F",1),(785581,"Cynthia Dale","Scott","F",1),(785702,"Kelli (I)","Scott","F",1),(786291,"Sydney","Sedin","F",1),(789381,"Natalie","Shedd","F",1),(789764,"Jessica","Shepherd","F",1),(789840,"Stacey","Sher","F",1),(789872,"Ardell","Sheridan","F",1),(790575,"Talia","Shire","F",1),(790698,"Pam","Shoaib","F",1),(790699,"Samia","Shoaib","F",1),(791001,"Elisabeth","Shue","F",1),(791422,"Jessica","Siemens","F",1),(791868,"Patricia","Silva","F",1),(791930,"Dorothy","Silver","F",1),(792242,"Erica","Simmons","F",1),(793000,"Lori","Singer","F",1),(793011,"Rachel","Singer","F",1),(794261,"Claire","Slemmer","F",1),(794547,"Jean","Smart","F",1),(795270,"Martha","Smith","F",1),(795587,"Claire","Smithies","F",1),(795871,"Dana (I)","Snyder","F",1),(797458,"Lisa","Soule","F",1),(797667,"Sissy","Spacek","F",1),(797706,"Filomena","Spagnuolo","F",1),(799247,"Angela","Staines","F",1),(799913,"Carly","Starr Brullo Niles","F",1),(800471,"Simonetta","Stefanelli","F",1),(800486,"Lisa R.","Stefanic","F",1),(800701,"Shana","Stein","F",1),(800785,"Nancy (I)","Steiner","F",1),(801698,"Gerda","Stevenson","F",1),(801975,"Sara","Stewart","F",1),(802317,"Rose","Stockton","F",1),(803695,"Maria","Strova","F",1),(803705,"Ann","Strub","F",1),(803742,"Lusia","Strus","F",1),(803835,"Gloria","Stuart","F",1),(806043,"Julia","Sweeney","F",1),(806256,"Tilda","Swinton","F",1),(807955,"Akiko","Takeshita","F",1),(809136,"Mia","Tate","F",1),(809383,"Nicole","Taylor Hart","F",1),(809465,"Christy (I)","Taylor","F",1),(809607,"Joann","Taylor","F",1),(812803,"Billie Lee","Thrash","F",1),(812916,"Uma","Thurman","F",3),(813694,"Natalie","Tjen","F",1),(816230,"Carmen","Trevino","F",1),(816897,"Kelly","Trznadel","F",1),(817238,"Shu Lan","Tuan","F",1),(818984,"Terri Gay","Ulmer","F",1),(819723,"Karen","Vaccaro","F",1),(820312,"Venessia","Valentino","F",2),(821935,"Musetta","Vander","F",1),(821956,"Victoria","Vanderkloot","F",1),(822281,"Rosario","Varela","F",1),(824687,"Helen","Vick","F",1),(826110,"Sylvia","Vitrungs","F",1),(827985,"Alison","Waddell","F",1),(827986,"Amber","Waddell","F",1),(828034,"Linda Flores","Wade","F",1),(828197,"Lori","Wagner","F",1),(828431,"Linda","Wakeman","F",1),(828984,"Cornell","Wallace","F",1),(831121,"Diana Sadley","Way","F",1),(831289,"Sigourney","Weaver","F",1),(831862,"Liza","Weil","F",1),(832250,"Gillian","Welch","F",1),(832340,"Mary Louise","Weller","F",1),(832753,"Alexandra","Wentworth","F",1),(833636,"Jillian","Wheeler","F",1),(833865,"Cheryl (II)","White","F",1),(834126,"Sharon (I)","White","F",1),(834815,"Dianne","Wiest","F",1),(835184,"Laurel (I)","Wiley","F",1),(835271,"Lisle","Wilkerson","F",1),(835392,"Christie","Will","F",1),(835808,"Kris (III)","Williams","F",1),(835893,"Meadow","Williams","F",1),(836217,"Rosemary","Willis","F",1),(836222,"Susan","Willis","F",1),(836889,"Maud","Winchester","F",1),(837049,"Sally","Wingert","F",1),(837199,"Kate","Winslet","F",1),(837678,"Alicia","Witt","F",1),(837687,"Elenor","Witt","F",1),(837895,"Danielle","Wolf","F",1),(839275,"Carolyn T.","Wright","F",1),(840317,"Yoshiko","Yamaguchi","F",1),(841405,"Hyowon K.","Yoo","F",1);

CREATE TABLE directors (
  id integer PRIMARY KEY NOT NULL DEFAULT "0",
  first_name varchar(100) DEFAULT NULL,
  last_name varchar(100) DEFAULT NULL
);
INSERT INTO directors VALUES (429,"Andrew","Adamson"),(2931,"Darren","Aronofsky"),(9247,"Zach","Braff"),(11652,"James (I)","Cameron"),(14927,"Ron","Clements"),(15092,"Ethan","Coen"),(15093,"Joel","Coen"),(15901,"Francis Ford","Coppola"),(15906,"Sofia","Coppola"),(16816,"Cameron","Crowe"),(17810,"Frank","Darabont"),(22104,"Clint","Eastwood"),(24758,"David","Fincher"),(28395,"Mel (I)","Gibson"),(35573,"Ron","Howard"),(35838,"John (I)","Hughes"),(37872,"Vicky","Jenson"),(38746,"Mike (I)","Judge"),(41975,"David","Koepp"),(44291,"John (I)","Landis"),(46315,"Jay","Levey"),(48115,"George","Lucas"),(56332,"John","Musker"),(58201,"Christopher","Nolan"),(65940,"Rob","Reiner"),(66849,"Guy","Ritchie"),(68161,"Herbert (I)","Ross"),(74758,"Steven","Soderbergh"),(76524,"Oliver (I)","Stone"),(78273,"Quentin","Tarantino"),(82525,"Paul (I)","Verhoeven"),(83616,"Andy","Wachowski"),(83617,"Larry","Wachowski"),(88802,"Unknown","Director");

CREATE TABLE directors_genres (
  director_id integer DEFAULT NULL,
  genre varchar(100) DEFAULT NULL,
  prob float DEFAULT NULL
);
INSERT INTO directors_genres VALUES (429,"Adventure",0.75),(429,"Music",0.25),(429,"Fantasy",0.75),(429,"Romance",0.5),(429,"Family",0.75),(429,"Comedy",0.75),(429,"Short",0.25),(429,"Animation",0.75),(2931,"Action",0.428571),(2931,"Horror",0.142857),(2931,"Sci-Fi",0.428571),(2931,"Adventure",0.142857),(2931,"Fantasy",0.285714),(2931,"Thriller",0.285714),(2931,"Crime",0.285714),(2931,"Comedy",0.142857),(2931,"Drama",0.714286),(9247,"Drama",1),(9247,"Adventure",0.5),(9247,"Comedy",1),(11652,"Romance",0.25),(11652,"Sci-Fi",0.5),(11652,"Documentary",0.25),(11652,"Action",0.5),(11652,"Drama",0.25),(11652,"Adventure",0.166667),(11652,"Fantasy",0.0833333),(11652,"Short",0.25),(11652,"Horror",0.166667),(11652,"Thriller",0.416667),(11652,"Comedy",0.0833333),(11652,"Family",0.0833333),(14927,"Musical",0.5),(14927,"Sci-Fi",0.166667),(14927,"Romance",0.166667),(14927,"Mystery",0.166667),(14927,"Fantasy",0.333333),(14927,"Comedy",0.666667),(14927,"Animation",1),(14927,"Action",0.166667),(14927,"Adventure",0.5),(14927,"Family",1),(15092,"Comedy",0.545455),(15092,"Crime",0.545455),(15092,"Fantasy",0.0909091),(15092,"Thriller",0.363636),(15092,"Adventure",0.0909091),(15092,"Romance",0.272727),(15092,"Drama",0.454545),(15093,"Adventure",0.0833333),(15093,"Romance",0.25),(15093,"Crime",0.5),(15093,"Fantasy",0.0833333),(15093,"Comedy",0.583333),(15093,"Mystery",0.0833333),(15093,"Drama",0.416667),(15093,"Thriller",0.416667),(15901,"Mystery",0.0689655),(15901,"Sci-Fi",0.137931),(15901,"Romance",0.103448),(15901,"Action",0.0344828),(15901,"Fantasy",0.0344828),(15901,"Musical",0.0689655),(15901,"Music",0.0344828),(15901,"Documentary",0.0344828),(15901,"Drama",0.689655),(15901,"Short",0.0344828),(15901,"Comedy",0.206897),(15901,"War",0.0689655),(15901,"Adventure",0.0344828),(15901,"Crime",0.241379),(15901,"Western",0.0344828),(15901,"Thriller",0.172414),(15901,"Family",0.0344828),(15901,"Horror",0.103448),(15906,"Short",0.25),(15906,"Mystery",0.25),(15906,"Comedy",0.25),(15906,"Drama",1),(16816,"Romance",0.833333),(16816,"Sci-Fi",0.166667),(16816,"Thriller",0.166667),(16816,"Comedy",0.666667),(16816,"Music",0.166667),(16816,"Mystery",0.166667),(16816,"Drama",1),(17810,"Fantasy",0.166667),(17810,"Sci-Fi",0.166667),(17810,"Horror",0.333333),(17810,"Drama",0.666667),(17810,"Thriller",0.166667),(17810,"Romance",0.166667),(17810,"Short",0.166667),(22104,"Crime",0.307692),(22104,"Sci-Fi",0.0384615),(22104,"Music",0.0769231),(22104,"Thriller",0.423077),(22104,"Western",0.153846),(22104,"Comedy",0.192308),(22104,"Drama",0.769231),(22104,"Action",0.269231),(22104,"Romance",0.153846),(22104,"Mystery",0.0384615),(22104,"War",0.0769231),(22104,"Adventure",0.115385),(24758,"Horror",0.1),(24758,"Documentary",0.1),(24758,"Short",0.1),(24758,"Music",0.4),(24758,"Sci-Fi",0.1),(24758,"Crime",0.3),(24758,"Mystery",0.3),(24758,"Drama",0.4),(24758,"Action",0.1),(24758,"Adventure",0.1),(24758,"Romance",0.1),(24758,"Thriller",0.5),(28395,"War",0.333333),(28395,"Drama",1),(28395,"Action",0.333333),(35573,"Fantasy",0.153846),(35573,"Family",0.153846),(35573,"Action",0.269231),(35573,"Sci-Fi",0.0384615),(35573,"Western",0.0769231),(35573,"Comedy",0.461538),(35573,"Adventure",0.153846),(35573,"Romance",0.0769231),(35573,"Thriller",0.153846),(35573,"Mystery",0.115385),(35573,"Drama",0.576923),(35573,"Short",0.0769231),(35838,"Romance",0.125),(35838,"Comedy",1),(35838,"Family",0.125),(35838,"Sci-Fi",0.125),(35838,"Drama",0.5),(35838,"Fantasy",0.125),(37872,"Fantasy",0.25),(37872,"Music",0.25),(37872,"Adventure",0.25),(37872,"Drama",0.25),(37872,"Comedy",1),(37872,"Family",0.75),(37872,"Animation",0.75),(37872,"Romance",0.5),(37872,"Short",0.5),(38746,"Short",0.333333),(38746,"Comedy",0.888889),(38746,"Adventure",0.222222),(38746,"Animation",0.777778),(38746,"Crime",0.111111),(38746,"Sci-Fi",0.111111),(41975,"Action",0.2),(41975,"Horror",0.6),(41975,"Mystery",0.2),(41975,"Drama",0.6),(41975,"Thriller",0.8),(41975,"Short",0.2),(44291,"Western",0.0384615),(44291,"Documentary",0.230769),(44291,"Family",0.0769231),(44291,"Sci-Fi",0.153846),(44291,"Musical",0.0769231),(44291,"Romance",0.153846),(44291,"Music",0.192308),(44291,"Fantasy",0.0384615),(44291,"Comedy",0.653846),(44291,"Drama",0.0384615),(44291,"Short",0.0769231),(44291,"Adventure",0.0384615),(44291,"Crime",0.0384615),(44291,"Horror",0.230769),(44291,"Action",0.115385),(44291,"Thriller",0.192308),(46315,"Comedy",1),(46315,"Short",0.375),(46315,"Animation",0.125),(46315,"Music",0.75),(48115,"Drama",0.176471),(48115,"Documentary",0.294118),(48115,"Short",0.588235),(48115,"Comedy",0.0588235),(48115,"Adventure",0.235294),(48115,"Fantasy",0.0588235),(48115,"Action",0.235294),(48115,"Sci-Fi",0.352941),(56332,"Sci-Fi",0.166667),(56332,"Romance",0.166667),(56332,"Animation",1),(56332,"Family",1),(56332,"Musical",0.5),(56332,"Adventure",0.5),(56332,"Action",0.166667),(56332,"Fantasy",0.333333),(56332,"Mystery",0.166667),(56332,"Comedy",0.666667),(58201,"Action",0.166667),(58201,"Mystery",0.333333),(58201,"Crime",0.5),(58201,"Drama",0.5),(58201,"Fantasy",0.166667),(58201,"Adventure",0.166667),(58201,"Thriller",0.666667),(58201,"Short",0.166667),(65940,"Comedy",0.642857),(65940,"Thriller",0.142857),(65940,"Adventure",0.142857),(65940,"Music",0.0714286),(65940,"Romance",0.428571),(65940,"Documentary",0.0714286),(65940,"Fantasy",0.0714286),(65940,"Drama",0.642857),(65940,"Family",0.142857),(66849,"Crime",0.714286),(66849,"Thriller",0.142857),(66849,"Music",0.142857),(66849,"Drama",0.142857),(66849,"Documentary",0.142857),(66849,"Short",0.428571),(66849,"Romance",0.142857),(66849,"Action",0.285714),(66849,"Comedy",0.571429),(68161,"Romance",0.2),(68161,"Mystery",0.08),(68161,"Musical",0.16),(68161,"Drama",0.48),(68161,"Family",0.04),(68161,"Music",0.04),(68161,"Comedy",0.6),(68161,"Thriller",0.04),(68161,"Crime",0.08),(74758,"Romance",0.166667),(74758,"Documentary",0.0555556),(74758,"Action",0.0555556),(74758,"Drama",0.722222),(74758,"Short",0.0555556),(74758,"Comedy",0.333333),(74758,"Thriller",0.277778),(74758,"Crime",0.333333),(74758,"Sci-Fi",0.111111),(74758,"Music",0.0555556),(76524,"Music",0.05),(76524,"Crime",0.2),(76524,"Action",0.2),(76524,"Romance",0.05),(76524,"Thriller",0.2),(76524,"Adventure",0.05),(76524,"Short",0.1),(76524,"Drama",0.65),(76524,"Documentary",0.15),(76524,"Horror",0.1),(76524,"Mystery",0.05),(76524,"War",0.25),(78273,"Romance",0.125),(78273,"War",0.125),(78273,"Action",0.5),(78273,"Thriller",0.5),(78273,"Mystery",0.125),(78273,"Crime",0.5),(78273,"Comedy",0.25),(78273,"Drama",0.75),(82525,"Comedy",0.0434783),(82525,"Action",0.173913),(82525,"Documentary",0.0869565),(82525,"Horror",0.0434783),(82525,"War",0.130435),(82525,"Mystery",0.0434783),(82525,"Short",0.26087),(82525,"Thriller",0.304348),(82525,"Adventure",0.0869565),(82525,"Drama",0.347826),(82525,"Sci-Fi",0.173913),(82525,"Romance",0.0434783),(82525,"Crime",0.0869565),(83616,"Crime",0.166667),(83616,"Thriller",0.833333),(83616,"Action",0.833333),(83616,"Animation",0.333333),(83616,"Sci-Fi",0.833333),(83617,"Animation",0.333333),(83617,"Crime",0.166667),(83617,"Thriller",0.833333),(83617,"Action",0.833333),(83617,"Sci-Fi",0.833333);

CREATE TABLE movies (
  id integer PRIMARY KEY NOT NULL DEFAULT "0",
  name varchar(100) DEFAULT NULL,
  year integer DEFAULT NULL,
  rank float DEFAULT NULL
);
INSERT INTO movies VALUES (10920,"Aliens",1986,8.2),(17173,"Animal House",1978,7.5),(18979,"Apollo 13",1995,7.5),(30959,"Batman Begins",2005,NULL),(46169,"Braveheart",1995,8.3),(109093,"Fargo",1996,8.2),(111813,"Few Good Men, A",1992,7.5),(112290,"Fight Club",1999,8.5),(116907,"Footloose",1984,5.8),(124110,"Garden State",2004,8.3),(130128,"Godfather, The",1972,9),(147603,"Hollow Man",2000,5.3),(167324,"JFK",1991,7.8),(176711,"Kill Bill: Vol. 1",2003,8.4),(176712,"Kill Bill: Vol. 2",2004,8.2),(192017,"Little Mermaid, The",1989,7.3),(194874,"Lost in Translation",2003,8),(207992,"Matrix, The",1999,8.5),(210511,"Memento",2000,8.7),(224842,"Mystic River",2003,8.1),(237431,"O Brother, Where Art Thou?",2000,7.8),(238072,"Ocean's Eleven",2001,7.5),(238695,"Office Space",1999,7.6),(254943,"Pi",1998,7.5),(256630,"Pirates of the Caribbean",2003,NULL),(257264,"Planes, Trains & Automobiles",1987,7.2),(267038,"Pulp Fiction",1994,8.7),(276217,"Reservoir Dogs",1992,8.3),(297838,"Shawshank Redemption, The",1994,9),(300229,"Shrek",2001,8.1),(306032,"Snatch.",2000,7.9),(313459,"Star Wars",1977,8.8),(314965,"Stir of Echoes",1999,7),(333856,"Titanic",1997,6.9),(344203,"UHF",1989,6.6),(350424,"Vanilla Sky",2001,6.9);

CREATE TABLE movies_directors (
  director_id integer DEFAULT NULL,
  movie_id integer DEFAULT NULL
);
INSERT INTO movies_directors VALUES (11652,10920),(44291,17173),(35573,18979),(58201,30959),(28395,46169),(15092,109093),(15093,109093),(65940,111813),(24758,112290),(68161,116907),(9247,124110),(15901,130128),(82525,147603),(76524,167324),(78273,176711),(78273,176712),(14927,192017),(56332,192017),(15906,194874),(83616,207992),(83617,207992),(58201,210511),(22104,224842),(15092,237431),(15093,237431),(74758,238072),(38746,238695),(2931,254943),(35838,257264),(78273,267038),(78273,276217),(17810,297838),(429,300229),(37872,300229),(66849,306032),(48115,313459),(41975,314965),(11652,333856),(46315,344203),(16816,350424),(88802,256630);

CREATE TABLE movies_genres (
  movie_id integer DEFAULT NULL,
  genre varchar(100) DEFAULT NULL
);
INSERT INTO movies_genres VALUES (10920,"Sci-Fi"),(10920,"Action"),(10920,"Thriller"),(10920,"Horror"),(17173,"Comedy"),(18979,"Drama"),(30959,"Action"),(30959,"Crime"),(30959,"Fantasy"),(30959,"Thriller"),(30959,"Adventure"),(46169,"Drama"),(46169,"War"),(46169,"Action"),(109093,"Crime"),(109093,"Thriller"),(109093,"Drama"),(111813,"Drama"),(111813,"Thriller"),(112290,"Drama"),(112290,"Thriller"),(112290,"Mystery"),(112290,"Crime"),(116907,"Drama"),(116907,"Family"),(116907,"Music"),(124110,"Drama"),(124110,"Comedy"),(130128,"Crime"),(130128,"Drama"),(147603,"Horror"),(147603,"Sci-Fi"),(147603,"Thriller"),(167324,"Crime"),(167324,"Drama"),(167324,"Mystery"),(167324,"Thriller"),(176711,"Action"),(176711,"Crime"),(176711,"Thriller"),(176712,"Action"),(176712,"Thriller"),(176712,"Drama"),(176712,"Romance"),(192017,"Family"),(192017,"Animation"),(192017,"Comedy"),(192017,"Musical"),(192017,"Romance"),(192017,"Fantasy"),(194874,"Drama"),(194874,"Comedy"),(207992,"Action"),(207992,"Thriller"),(207992,"Sci-Fi"),(210511,"Drama"),(210511,"Mystery"),(210511,"Thriller"),(224842,"Drama"),(224842,"Crime"),(224842,"Thriller"),(237431,"Comedy"),(237431,"Adventure"),(237431,"Crime"),(238072,"Comedy"),(238072,"Thriller"),(238072,"Crime"),(238695,"Comedy"),(254943,"Thriller"),(254943,"Sci-Fi"),(256630,"Adventure"),(256630,"Fantasy"),(257264,"Comedy"),(267038,"Crime"),(267038,"Drama"),(276217,"Crime"),(276217,"Thriller"),(276217,"Mystery"),(276217,"Action"),(297838,"Drama"),(300229,"Adventure"),(300229,"Romance"),(300229,"Animation"),(300229,"Fantasy"),(300229,"Family"),(300229,"Comedy"),(306032,"Crime"),(306032,"Comedy"),(313459,"Sci-Fi"),(313459,"Action"),(313459,"Adventure"),(313459,"Fantasy"),(314965,"Thriller"),(314965,"Horror"),(314965,"Mystery"),(333856,"Drama"),(333856,"Romance"),(344203,"Comedy"),(350424,"Drama"),(350424,"Romance"),(350424,"Sci-Fi"),(350424,"Thriller"),(350424,"Mystery");

CREATE TABLE roles (
  actor_id integer DEFAULT NULL,
  movie_id integer DEFAULT NULL,
  role varchar(100) DEFAULT NULL
);
INSERT INTO roles VALUES (16844,10920,"Lydecker"),(36641,10920,"Russ Jorden"),(42278,10920,"Cpl. Dwayne Hicks"),(144260,10920,"Doctor"),(204493,10920,"Timmy Jorden"),(204719,10920,"Bishop"),(213646,10920,"Lt. Gorman"),(240277,10920,"Pvt. Spunkmeyer"),(272557,10920,"Power Loader Operator"),(305705,10920,"Sgt. Apone"),(306790,10920,"Van Leuwen"),(310030,10920,"Al Simpson, Colony Officer"),(366173,10920,"Private Hudson"),(378476,10920,"Insurance Man"),(394516,10920,"Carter Burke"),(405572,10920,"Pvt. Drake"),(408215,10920,"Pvt. Frost"),(452549,10920,"Pvt. Wierzbowski"),(474375,10920,"Pvt. Crowe"),(476429,10920,"Alien Warrior"),(583693,10920,"Cocooned Woman"),(583735,10920,"ECA Representative"),(596318,10920,"Ann Jorden"),(635153,10920,"Pvt. Vasquez"),(651551,10920,"Rebecca 'Newt' Jorden"),(653997,10920,"Cpl. Mira Ferro"),(661430,10920,"Amanda Ripley"),(748340,10920,"Med Tech"),(785581,10920,"Cpl. Dietrich"),(831289,10920,"Ellen Ripley"),(22591,17173,"Chip Diller"),(36005,17173,"John 'Bluto' Blutarsky"),(43842,17173,"Charming guy with guitar"),(49661,17173,"B.B."),(100257,17173,"Bandmember, Otis Day and the "),(107524,17173,"Mothball"),(108006,17173,"Mayor Carmine DePasto"),(109023,17173,"Greg Marmalard"),(130991,17173,"Gigantic dude"),(134737,17173,"Omega"),(138178,17173,"Meaner dude"),(145540,17173,"Meanest dude"),(159310,17173,"Man on Street"),(162318,17173,"Kent 'Flounder' Dorfman"),(184031,17173,"Mongol"),(217663,17173,"Larry 'Pinto' Kroger"),(229667,17173,"Otis Day"),(244497,17173,"Stork"),(304920,17173,"Eric 'Otter' Stratton"),(308631,17173,"Lucky Boy"),(310708,17173,"Daniel Simpson 'D-Day' Day"),(318099,17173,"Doug Neidermeyer"),(321300,17173,"Hardbar"),(398789,17173,"Donald 'Boon' Schoenstein"),(402481,17173,"Mean dude"),(439346,17173,"Grim, balding professor"),(460895,17173,"Prof. Dave Jennings"),(492316,17173,"Dean Vernon Wormer"),(509689,17173,"Robert Hoover"),(533380,17173,"Katy"),(547741,17173,"Shelly"),(550236,17173,"Bluto's Dance Partner at Toga"),(556691,17173,"Marion Wormer"),(600416,17173,"Noreen"),(640482,17173,"Sissy"),(655444,17173,"Clorette DePasto"),(667323,17173,"Otter's Co-Ed"),(669471,17173,"Beth"),(689407,17173,"Dean's secretary"),(770193,17173,"Brunella"),(795270,17173,"Barbara 'Babs' Jansen"),(824687,17173,"Sorority Girl"),(832340,17173,"Mandy Pepperidge"),(7979,18979,"Anchor"),(9275,18979,"Mission Controller"),(12508,18979,"Pete Conrad"),(16791,18979,"Himself"),(22591,18979,"Jack Swigert"),(29686,18979,"Orderly"),(38779,18979,"Himself - ABC News"),(39044,18979,"Henry Hurt"),(39860,18979,"Virgil Grissom"),(43791,18979,"Protester"),(45134,18979,"GUIDO Gold"),(47366,18979,"INCO Gold"),(61441,18979,"Anchor"),(78467,18979,"Reporter"),(86167,18979,"Nasa Technician"),(89087,18979,"Dr. Chuck"),(93623,18979,"Science Reporter"),(93916,18979,"Reporter"),(96438,18979,"Congressman"),(100230,18979,"Reporter"),(101230,18979,"Himself"),(102758,18979,"William 'Bill' Pogue, CAPCOM"),(102882,18979,"TELMU Gold"),(114899,18979,"John Aaron, EECOM Arthur"),(130918,18979,"Reporter"),(132969,18979,"LEM Controller White"),(138258,18979,"Deke Slayton"),(150046,18979,"Booster White"),(178678,18979,"Stephen Haise"),(178682,18979,"Fred Haise, Jr."),(184670,18979,"RETRO White"),(185836,18979,"FIDO Gold"),(193682,18979,"Noisy Civilian"),(195428,18979,"Jim Lovell"),(197929,18979,"Gene Kranz"),(211741,18979,"SIM Tech"),(215405,18979,"Sy Liebergot, EECOM White"),(215595,18979,"Reverend"),(217405,18979,"Jeffrey Lovell"),(217669,18979,"Gunther Wendt"),(227732,18979,"GNC White"),(228435,18979,"Reporter"),(251351,18979,"Science Reporter"),(280383,18979,"Launch Director"),(284829,18979,"FAO White"),(285134,18979,"Iwo-Jima Captain"),(297105,18979,"Reporter"),(299436,18979,"Pad Rat"),(299756,18979,"John Young"),(304966,18979,"Reporter"),(309010,18979,"Glynn Lunney"),(311828,18979,"Suit Room Assistant"),(312231,18979,"Jerry Bostick, FIDO White"),(317829,18979,"TELMU White"),(319724,18979,"RETRO Gold"),(320748,18979,"GUIDO White"),(343502,18979,"Loud Reporter"),(349915,18979,"Whiz Kid"),(366173,18979,"Fred Haise"),(379198,18979,"Himself"),(390093,18979,"Pad Rat"),(394283,18979,"Mary Haise"),(400164,18979,"Ted"),(411006,18979,"Roger Chaffee"),(411200,18979,"Edward White"),(430428,18979,"SIM Tech"),(436258,18979,"INCO White"),(440526,18979,"Ken Mattingly"),(442103,18979,"Jay Lovell"),(448529,18979,"NASA Director"),(490334,18979,"CAPCOM 2"),(496736,18979,"Technician"),(508087,18979,"Reporter"),(508109,18979,"Neil Armstrong"),(508688,18979,"Grumman Representative"),(511867,18979,"Buzz Aldrin"),(516641,18979,"EECOM Gold"),(517793,18979,"Anchor"),(521619,18979,"SIM Tech"),(602571,18979,"Margaret Haise"),(604807,18979,"Reporter"),(629755,18979,"Bit Part"),(645969,18979,"Woman"),(657704,18979,""),(657711,18979,"Onlooker at Launch Site"),(657762,18979,"Blanch Lovell"),(665419,18979,"Neighbor"),(697536,18979,"Jane Conrad"),(698011,18979,"Susan Lovell"),(700551,18979,"Onlooker at Launch Site"),(709207,18979,"Whiz Kid's Mom"),(711095,18979,"Tracey"),(713832,18979,"Loud Reporter"),(761130,18979,"Marilyn Lovell"),(764135,18979,"Patty"),(783303,18979,"Barbara Lovell"),(835893,18979,"Kim"),(6990,30959,"Shadow Warrior"),(13553,30959,"Shadow Warrior"),(25103,30959,"Bruce Wayne/Batman"),(44737,30959,"Court Reporter"),(49922,30959,""),(50085,30959,"Thug"),(51588,30959,"Clubber"),(54814,30959,"Joe Chill"),(63813,30959,"Shadow Warrior"),(68424,30959,"Alfred Pennyworth"),(91695,30959,"Patron"),(103548,30959,"Transit Cop"),(126086,30959,""),(127881,30959,"Det. Flass"),(134784,30959,"Policeman"),(135628,30959,"Wayne Enterprises executive"),(138351,30959,"Courthouse reporter"),(138982,30959,"League Of Shadows warrior"),(154923,30959,"Shadow Warrior"),(159346,30959,"Lucius Fox"),(171524,30959,"Cop"),(178720,30959,"Gotham City Police Officer"),(199843,30959,""),(200362,30959,"Richard Earle"),(209006,30959,"Shadow Warrior"),(211557,30959,"District Attorney Carlton Fin"),(214973,30959,"Waiter"),(215312,30959,"Swat team member"),(215331,30959,"Tramp"),(235073,30959,"Narrows Bridge Cop"),(241906,30959,""),(242968,30959,"Narrows Rioter"),(256972,30959,""),(272853,30959,""),(276920,30959,"Young Bruce Wayne"),(280303,30959,""),(298555,30959,"Arkham thug"),(299076,30959,"Wayne Enterprises Employee"),(306623,30959,""),(310474,30959,"Commissioner Gillian B. Loeb"),(321731,30959,"Gotham City Cop"),(335617,30959,"Dr. Jonathan Crane/The Scarec"),(335689,30959,"Judge Faden"),(341480,30959,"Ducard"),(353656,30959,"Lt. James Gordon"),(400872,30959,"Dr. Thomas Wayne"),(430641,30959,"Homeless man"),(434249,30959,"Mounted Policeman"),(457224,30959,""),(457325,30959,"Shadow Warrior"),(503088,30959,"Ra's Al Ghul"),(510918,30959,"Carmine Falcone"),(520254,30959,"Opera Buff"),(547122,30959,"Mrs. Delane"),(636304,30959,""),(645491,30959,""),(656018,30959,"Rachel Dawes"),(696026,30959,"Board Member"),(698339,30959,"Young Rachel Dawes"),(757495,30959,"Assassin"),(776683,30959,"Susan"),(801975,30959,"Martha Wayne"),(16669,46169,"Mornay"),(26409,46169,"The Leper, Robert Bruce Sr."),(42960,46169,"Phillip"),(66825,46169,"Smythe"),(73950,46169,"Sean"),(84795,46169,"Faudron"),(84902,46169,"The Leper's Caretaker"),(91835,46169,"York Captain"),(97563,46169,"Campbell"),(99156,46169,"Argyle Wallace"),(118247,46169,"Drinker #1"),(131774,46169,"Lord Dolecroft"),(152725,46169,"Morrison"),(165472,46169,"Royal Magistrate"),(172359,46169,"Stewart"),(172424,46169,"William Wallace"),(175268,46169,"Hamish Campbell"),(195497,46169,"Edward, Prince of Wales"),(214412,46169,"Balliol"),(241342,46169,"Craig"),(243553,46169,"Farmer"),(244787,46169,"Drinker #2"),(269196,46169,"Malcolm Wallace"),(270527,46169,"Governor of York"),(283663,46169,"Madbaker/Flagman"),(290341,46169,"Robert the Bruce"),(310769,46169,"MacClannough"),(310868,46169,"Longshanks, King Edward I"),(310883,46169,"King's Advisor"),(311663,46169,"Young Soldier"),(313583,46169,"Cheltham"),(334370,46169,"Veteran"),(335368,46169,"Villager"),(335791,46169,"Lord Talmadge"),(336279,46169,"Lochlan"),(342248,46169,"John Wallace"),(347922,46169,"Bride's Father"),(350069,46169,"English General"),(350889,46169,"Stephen, Irish Fighter"),(351075,46169,"English General"),(364719,46169,"Priest #2"),(396814,46169,"Priest #1"),(402340,46169,"Young William Wallace"),(421660,46169,"Chief Assassin"),(427898,46169,"Corporal"),(465353,46169,"Elder Stewart"),(473636,46169,"Magistrate"),(481376,46169,"English Commander"),(489206,46169,"Lord Bottoms"),(500302,46169,"English Lord"),(505511,46169,"Young Hamish Campbell"),(508895,46169,"MacGregor"),(509502,46169,"Jailor"),(541111,46169,"Mrs. Morrison"),(553415,46169,"Toothless Girl"),(570022,46169,"Young Murron MacClannough"),(708289,46169,"Princess Isabelle"),(709341,46169,"Nicolette, Princess Isabelle'"),(715823,46169,"Murron MacClannough"),(801698,46169,"Mother MacClannough"),(11590,109093,"Victim in the Field"),(26018,109093,"Bismarck Cop #2"),(47548,109093,"Mr. Mohra"),(48064,109093,"Lou"),(55108,109093,"Stan Grossman"),(65536,109093,"Carl Showalter"),(70282,109093,"Soap Opera Actor"),(118548,109093,"Scotty Lundegaard"),(135144,109093,"Morning Show Host"),(143022,109093,"Customer"),(147343,109093,"Himself"),(168574,109093,"State Trooper"),(215190,109093,"Irate Customer"),(242845,109093,"Reilly Diefenbach"),(282845,109093,"Man in Hallway"),(288354,109093,"Norm Gunderson"),(291564,109093,"Jerry Lundegaard"),(341991,109093,"Heavyset Man In Bar"),(358555,109093,"Bismarck Cop #1"),(362717,109093,"Mike Yanagita"),(381992,109093,"Wade Gustafson"),(388511,109093,"Officer Olson"),(393449,109093,"Shep Proudfoot"),(422784,109093,"Mechanic"),(424672,109093,"Airport Lot Attendant"),(426649,109093,"Car Salesman"),(441312,109093,"Night Parking Attendant"),(456885,109093,"Gaear Grimsrud"),(507014,109093,"Bark Beetle Narrator"),(535754,109093,"Morning Show Hostess"),(557226,109093,"Cashier"),(659888,109093,"Escort"),(679813,109093,"Hooker #1"),(691133,109093,"Victim in Car"),(716350,109093,"Marge Gunderson"),(752426,109093,"Hooker #2"),(775939,109093,"Jean Lundegaard"),(789764,109093,"Hotel Clerk"),(802317,109093,"Valerie"),(837049,109093,"Irate Customer's Wife"),(22591,111813,"Capt. Jack Ross"),(39044,111813,"Capt. Whitaker"),(47448,111813,"Lance Cpl. Harold W. Dawson"),(52913,111813,"Cdr. Gibbs"),(68048,111813,"Luther"),(78467,111813,"Agent #1"),(100044,111813,"Lt. Dave Spradling"),(101879,111813,"Lt. Daniel Kaffee"),(117653,111813,"Pfc. William T. Santiago"),(178761,111813,"Cpl. Carl Hammaker"),(187811,111813,"Dr. Stone"),(224819,111813,"Capt. West"),(234067,111813,"Steward"),(285368,111813,"Bailiff"),(294667,111813,"Orderly"),(300701,111813,"Pfc. Louden Downey"),(304966,111813,"Guard #1"),(335034,111813,"Jury Foreman"),(340538,111813,"Lt. Sherby"),(344454,111813,"Col. Nathan R. Jessep"),(357320,111813,"M.P."),(378277,111813,"Lt. Sam Weinberg"),(382123,111813,"Judge Randolph"),(415674,111813,"David"),(430428,111813,"Robert C. McGuire"),(447419,111813,"Man in Bar"),(460917,111813,"Lt. Jonathan Kendrick"),(472651,111813,"Cdr. Lawrence"),(500731,111813,"Lt. Col. Matthew Markinson"),(507810,111813,"Guard #2"),(509410,111813,"Mr. Dawson"),(518563,111813,"Cpl. Jeffrey Barnes"),(727211,111813,"Lt. Cdr. JoAnne Galloway"),(836889,111813,"Aunt Ginny"),(12508,112290,"Thomas"),(17438,112290,"Intern"),(17946,112290,"BMW Salesman"),(23488,112290,"Ricky"),(33024,112290,"Cop at Marla's Building"),(43967,112290,"Food Court Maitre'd"),(46793,112290,"Car Salesman"),(52396,112290,"Bruised Bar Patron #1"),(66495,112290,"Inspector Dent"),(72356,112290,"Salvator - Winking Bartender"),(86866,112290,"Lou's Body Guard"),(92815,112290,"Speaker"),(114701,112290,"Inspector Bird"),(117395,112290,"Doorman"),(122803,112290,"Irvin"),(150046,112290,"Proprietor of Dry Cleaners"),(152175,112290,"Second Man at Auto Shop"),(174382,112290,"Detective Walker"),(180149,112290,"Detective Stern"),(184634,112290,"Richard Chesler"),(201013,112290,"Banquet Guest"),(220339,112290,"Lou"),(247608,112290,"Raymond K. Hessel"),(256240,112290,"Waiter at Clifton's"),(266368,112290,"Man in Suit"),(275713,112290,"Angel Face"),(281243,112290,"Banquet Speaker"),(284337,112290,"Bruised Bar Patron #2"),(290848,112290,"Passenger Clutching Armrest"),(292815,112290,"Group Leader"),(304444,112290,"Airport Valet"),(308329,112290,"The Mechanic"),(313126,112290,"Commissioner Jacobs"),(313969,112290,"Robert 'Bob' Paulson"),(323403,112290,"Steph"),(328405,112290,"Bus Driver with Broken Nose"),(347943,112290,"Narrator"),(356562,112290,"Fight patron"),(367572,112290,"First Man at Auto Shop"),(376249,112290,"Tyler Durden"),(378974,112290,""),(385911,112290,"Detective Andrew"),(389753,112290,"Waiter"),(392786,112290,"Detective Kevin"),(402498,112290,"Next Month's Opponent"),(403180,112290,"Bruised Fighter"),(406971,112290,"Fighter"),(438105,112290,"Riley Wilde (Fighter)"),(443594,112290,"Walter"),(454061,112290,"Airport Security Officer"),(469664,112290,"Desk Sergeant"),(471342,112290,"Policeman"),(510575,112290,"Bartender in Halo"),(514278,112290,"Seminary Student"),(553953,112290,"Cosmetics Buyer"),(558289,112290,"Weeping Woman"),(558382,112290,"Marla Singer"),(569014,112290,"Group Leader"),(572783,112290,"Hotel Desk Clerk"),(589158,112290,"Airline Attendant"),(606081,112290,"Woman"),(780070,112290,"Channel 4 Reporter"),(793011,112290,"Chloe"),(22591,116907,"Ren McCormack"),(39553,116907,"Harvey"),(43791,116907,"Elvis"),(58327,116907,"Mayor Dooley"),(106703,116907,"Mr. Gurntz"),(123513,116907,"Burlington Cranston"),(171349,116907,"Rich"),(200375,116907,"Coach Roger Dunbar"),(243869,116907,"Jeff"),(268301,116907,"Woody"),(280713,116907,"Reverend Shaw Moore"),(310781,116907,"Herb"),(358984,116907,"Bernie"),(368399,116907,"Willard Hewitt"),(370374,116907,"Fat Cowboy"),(392666,116907,"Widdoes"),(407465,116907,"Wes Warnicker"),(409790,116907,"Mr. Walsh"),(427835,116907,"Andy Beamis"),(469043,116907,"Travis"),(486314,116907,"Team Member"),(513705,116907,""),(522415,116907,"Chuck Cranston"),(563536,116907,"Sarah Warnicker"),(563537,116907,"Amy Warnicker"),(591697,116907,"Girl"),(636253,116907,"Wendy Jo"),(637412,116907,"Girl"),(639416,116907,"Mrs. Allyson"),(665680,116907,"Edna"),(703930,116907,"Eleanor Dunbar"),(710722,116907,"Lulu Warnicker"),(715266,116907,"Ethel McCormack"),(747988,116907,"Rusty"),(765589,116907,"Virginia"),(793000,116907,"Ariel Moore"),(816230,116907,"Girl"),(818984,116907,"Girl"),(834815,116907,"Vi Moore"),(15854,124110,"Karl Benson"),(22489,124110,"Man Having Sex"),(54620,124110,"Andrew Largeman"),(64793,124110,"Dave"),(73209,124110,"Gleason Party Drunk"),(134973,124110,"Bored Actor"),(141883,124110,"Titembay"),(172927,124110,"Young Hollywood Guy"),(182947,124110,"Busboy"),(200331,124110,"Sleeping Actor"),(200896,124110,"Waiter"),(212283,124110,"Gideon Largeman"),(220634,124110,""),(273276,124110,"Dr. Cohen"),(288752,124110,"Waiter"),(292742,124110,"Masturbating Dog"),(295515,124110,"Diego"),(306942,124110,"Peeping Tom"),(332260,124110,"Teen in Hallway"),(350939,124110,"Albert"),(363724,124110,"Tim"),(398869,124110,"Jesse"),(420479,124110,"Mark"),(507646,124110,"Kenny"),(515526,124110,"Restaurant Manager"),(529149,124110,"Casting Assistant"),(537264,124110,"Hooker"),(541607,124110,"Faye"),(605924,124110,"Olivia"),(617939,124110,"Dana"),(621159,124110,"Obnoxious Girl"),(655124,124110,"Aunt Sylvia Largeman"),(657456,124110,"Mrs. Lubin"),(658546,124110,"LA Actress"),(683457,124110,"Pam"),(685558,124110,"Kelly"),(720001,124110,"Neurology Receptionist"),(757618,124110,"Sam"),(774281,124110,"Handi-World Cashier"),(794547,124110,"Carol"),(797458,124110,"Mom crying with baby"),(49108,130128,"Ottilio Cuneo"),(55174,130128,"Don Vito Corleone"),(57631,130128,"Al Neri"),(67492,130128,"Santino 'Sonny' Corleone"),(77118,130128,"Pete Clemenza"),(78574,130128,"Fredo"),(87502,130128,"Calo"),(94387,130128,"Emilio Barzini"),(95789,130128,"Piano player in montage scene"),(95799,130128,"Baptism observer"),(97090,130128,"Amerigo Bonasera"),(132963,130128,"Tom Hagen"),(163629,130128,"Don Tommasino"),(173008,130128,"Usher in bridal party"),(174206,130128,"Bruno Tattaglia"),(180650,130128,"Anthony Vito Corleone"),(185657,130128,"Sonny's bodyguard"),(186293,130128,"Cop with Capt. McCluskey outs"),(189341,130128,"Don Zaluchi (outspoken Don at"),(201256,130128,"Capt. Mark McCluskey"),(221889,130128,"Fabrizio"),(275761,130128,"Virgil Sollozzo"),(290329,130128,""),(299764,130128,"Jack Woltz"),(302252,130128,"Boy at wedding"),(302307,130128,"Johnny Fontane"),(302319,130128,"Paulie Gatto"),(327340,130128,"Luca Brasi"),(358968,130128,"Michael Corleone"),(372035,130128,"Man in passenger seat (when M"),(394992,130128,"Philip Tattaglia"),(397635,130128,"Floral designer"),(397809,130128,"Drunk"),(402830,130128,"Moe Greene"),(407892,130128,"Rocco Lampone"),(412398,130128,"Carlo Rizzi"),(427924,130128,"Nazorine"),(441120,130128,"Extra"),(449574,130128,"Willie Cicci"),(476935,130128,"Enzo Robutti (the baker)"),(484994,130128,"Vitelli"),(489225,130128,"Wedding guest"),(493680,130128,"Salvadore 'Sally' Tessio"),(495778,130128,"Clemenza's son (pushing toy c"),(586071,130128,"Michael Francis Rizzi"),(639326,130128,"Sandra Corleone"),(673351,130128,"Kay Adams"),(677015,130128,"Mama Corleone"),(696908,130128,"Lucy Mancini"),(697788,130128,"Theresa Hagen"),(789872,130128,"Mrs. Clemenza"),(790575,130128,"Connie"),(797706,130128,"Extra at wedding scene"),(800471,130128,"Apollonia Vitelli-Corleone"),(9184,147603,"Dad"),(22591,147603,"Sebastian Caine"),(58775,147603,"Matthew Kensington"),(120124,147603,"Dr. Howard Kramer"),(141692,147603,"Warehouse Guard"),(186688,147603,"Carter Abbey"),(202412,147603,"Gorilla Vocals"),(309251,147603,"General Caster"),(422368,147603,"Boy in Car"),(441304,147603,"Wino"),(442667,147603,"Frank Chase"),(460006,147603,"Gate Guard"),(496062,147603,"Helicopter Pilot"),(516846,147603,"Isabelle the Gorilla"),(560580,147603,"Girl in Car"),(602511,147603,"Sarah Kennedy"),(724571,147603,"Sebastian's Neighbor"),(763064,147603,"Janice Walton"),(773613,147603,"Mrs. Kramer"),(785702,147603,"Mom"),(791001,147603,"Linda McKay"),(6005,167324,"Maitre D'"),(11547,167324,"Himself (glances at Maxwell T"),(15068,167324,"Angelo"),(18826,167324,"Guy Bannister"),(22591,167324,"Willie O'Keefe"),(28510,167324,"Irvin F. Dymond"),(32884,167324,""),(37040,167324,"Kenny O'Donnell (credited on "),(38626,167324,"Jury Foreman"),(43926,167324,"HImself (CIA)"),(47858,167324,"Himself (Warren Commission)"),(48468,167324,"Prisoner Powell"),(55349,167324,"Himself (with JFK in Berlin)"),(56160,167324,"Vernon Bundy"),(56369,167324,"Himself (in Zapruder, Muchmor"),(57184,167324,"Himself (behind Khrushchev)"),(57333,167324,"Dr. Peters"),(57830,167324,"Roy Truly (credited on Direct"),(62520,167324,"HImself (with JFK in Fort Wor"),(63521,167324,"Pathologist #2"),(67598,167324,"Himself (Deputy Director, CIA"),(67599,167324,"Himself (Dallas mayor)"),(71116,167324,"Dean Andrews"),(75195,167324,"Officer J.D. Tippet"),(75369,167324,"Bill Williams"),(77617,167324,"Himself"),(80345,167324,"Man at firing range"),(93689,167324,"Himself"),(95298,167324,"Bobby Fischer"),(95420,167324,"Himself (Warren Commission, b"),(98021,167324,"Jim Garrison"),(99184,167324,"FBI agent #2 with Hill"),(101230,167324,"Himself (interviews JFK, anno"),(109823,167324,"Hobo #2"),(105163,167324,"Bill Newman"),(107285,167324,"Cop in Yellow Slicker"),(110563,167324,"Col. Reich"),(111129,167324,"Himself (holds rifle aloft)"),(112303,167324,"Himself (leads dignitaries at"),(115036,167324,"Army General"),(127498,167324,"Board Room Man"),(128274,167324,"Jack Ruby"),(130922,167324,"Himself (Director, CIA)"),(133243,167324,"Gen. Y"),(136754,167324,"Himself (farewell address)"),(138172,167324,"Bolton Ford dealer"),(140494,167324,"Himself (behind Haile Selassi"),(146642,167324,"Dr. Rose (credited on Directo"),(148581,167324,"Miguel Torres"),(151186,167324,"Judge Haggerty"),(164729,167324,"LBJ voice"),(167625,167324,"Chief Justice Earl Warren"),(169704,167324,"Board Room Man"),(171937,167324,"Himself (with sunglasses, whi"),(172617,167324,"TV newsman #2"),(173761,167324,"Himself (with LBJ and McNamar"),(175000,167324,"Tippet Shooter"),(180448,167324,"Plaza witness #3"),(184188,167324,"Himself (Secret Service agent"),(184753,167324,"Board Room Man"),(185823,167324,"Courtroom projectionist"),(185960,167324,"Himself (behind Khrushchev)"),(186528,167324,"Al Oser"),(189012,167324,"TV newsman #2"),(189147,167324,"Russian reporter"),(197019,167324,"Himself (Dallas police)"),(197630,167324,"Sam Holland"),(197824,167324,"White House Man"),(206648,167324,"Coroner"),(208323,167324,"Himself (Secret Service agent"),(210799,167324,"Himself (questioned by RFK)"),(213580,167324,"Himself (with JFK)"),(215640,167324,"Lyndon B. Johnson"),(217950,167324,"Himself (behind LBJ)"),(224682,167324,"FBI Agent at airpot (credited"),(224799,167324,"Himself (after assassination "),(224998,167324,"FBI spokesman"),(231719,167324,"Himself"),(232212,167324,"Joe (mobster with Broussard)"),(233656,167324,"Clay Shaw aka Clay Bertrand"),(243104,167324,"Himself (Secret Service agent"),(243383,167324,"Jerry Johnson's sidekick (cre"),(243963,167324,"Samuel (credited on Director'"),(244175,167324,"Himself"),(244292,167324,"Himself in Zapruder film"),(244298,167324,"Himself (with family)"),(244351,167324,"Interrogator"),(244402,167324,"Himself"),(244421,167324,"Hill interrogator"),(244423,167324,"Himself (at funeral of JFK)"),(246659,167324,"Himself (with JFK)"),(248525,167324,"Himself"),(251891,167324,"Numa Bertel"),(255239,167324,"FBI agent at autopsy"),(258441,167324,"Snapper Garrison"),(265918,167324,"Officer Habighorst"),(266236,167324,"Himself (with LeMay, McNamara"),(267122,167324,"Jerry Johnson"),(267297,167324,"Will Fritz"),(269124,167324,"Himself (at funeral of JFK, b"),(273819,167324,"Himself (in front of map, and"),(273956,167324,"Jack Martin"),(274897,167324,"Zapruder"),(282244,167324,"Himself (with LBJ)"),(282610,167324,"FBI agent #1 with Hill"),(283456,167324,"TV newsman #1"),(287087,167324,"Himself (with white shirt, ha"),(289909,167324,"David McVey (in film Cry of B"),(290194,167324,"Board Room Man"),(295164,167324,"Col. Finck"),(300784,167324,"Warren Commission Attorney"),(301208,167324,"Himself (Dallas police)"),(301555,167324,"Prison guard"),(305678,167324,"Sen. Long"),(308540,167324,"Himself (campaigns)"),(308971,167324,"Himself (Warren Commission, b"),(311597,167324,"Himself (Secret Service agent"),(312623,167324,"Man with umbrella"),(313131,167324,"Himself (in Vietnam)"),(313930,167324,"Gov. Connally - Double"),(315810,167324,"Patrolman Joe Smith"),(320960,167324,"Leopoldo"),(322384,167324,"J.C. Price"),(323181,167324,"Bonnie Ray Williams"),(324334,167324,"Sgt. Frank Harkness"),(325101,167324,"Courtroom Spectator"),(332724,167324,"Himself (with the Shah)"),(338314,167324,"Dr. McClelland"),(341134,167324,"Mercer interrogator"),(343482,167324,"Officer with Top Secret docum"),(343930,167324,"Himself (walks with stick)"),(346397,167324,"Himself (during Kennedy-Nixon"),(350285,167324,"Pathologist #3"),(353656,167324,"Lee Harvey Oswald"),(354791,167324,"George DeMohrenschildt"),(356699,167324,"Officer Poe"),(358535,167324,"Hobo #3"),(359632,167324,"Himself (holds long knife)"),(368457,167324,"Arnold Rowland"),(369198,167324,"Mercer interrogator"),(370660,167324,"David Ferrie"),(373998,167324,"Marion Baker"),(376648,167324,"Carlos Bringuier"),(381097,167324,"Himself (carries casket at An"),(381107,167324,"Himself (on trial in Soviet U"),(382324,167324,"Pathologist #1"),(388899,167324,"Epileptic"),(392562,167324,"Dodd"),(393147,167324,"John F. Kennedy - Double"),(395021,167324,"A Team Shooter"),(395093,167324,"Bethesda Doctor"),(398943,167324,"Mr. Goldberg (Spiesel) (credi"),(401895,167324,"White House Man"),(402212,167324,"Dr. Humes"),(403151,167324,"Himself (behind Richard and P"),(403501,167324,"White House man"),(406571,167324,"Bill Broussard"),(407308,167324,"Himself (with sunglasses, red"),(410850,167324,"Himself (with Gary Powers)"),(412279,167324,"Himself (Warren Commission)"),(412451,167324,"Angry bar patron"),(412682,167324,"Fence Shooter"),(418173,167324,"Lou Ivon"),(427695,167324,"John Chancellor"),(429374,167324,"Gen. Lyman Lemnitzer"),(429501,167324,"Himself (with DeGaulle at fun"),(431701,167324,"Adm. Kenney"),(433904,167324,"Narrator"),(436358,167324,"Himself (sits down with Taylo"),(441610,167324,"James Teague"),(449381,167324,"Bailiff"),(450598,167324,"Airport Police Sergeant (cred"),(454860,167324,"Himself (at the UN)"),(456190,167324,"FBI agent at airport (credite"),(456609,167324,"Jasper Garrison"),(456655,167324,"White House Man"),(460895,167324,"X (unknown general in black)"),(464470,167324,"Doctor (credited on Director'"),(468060,167324,"Himself (with LBJ and MacNama"),(474363,167324,"FBI Agent Frank"),(481628,167324,"Clinton Sheriff (credited on "),(493025,167324,"French reporter"),(494565,167324,"Lee Bowers"),(496762,167324,"Hobo #1"),(498433,167324,"Himself (Dallas District Atto"),(501075,167324,"Assasination Witness"),(502519,167324,"Himself"),(507903,167324,"Oswald imposter (credited on "),(508880,167324,"B Team Shooter"),(512626,167324,"Himself (in Zapruder film)"),(514911,167324,"Himself (in Zapruder film)"),(518701,167324,"Colonel"),(518886,167324,"Himself"),(535586,167324,"Julia Ann Mercer"),(541008,167324,"District Attorney staff membe"),(560624,167324,"FBI receptionist"),(578188,167324,"Sandra Styles"),(584867,167324,"Herself"),(589148,167324,"Janet Williams"),(589358,167324,"British reporter"),(594265,167324,"Beverly Oliver (credited on D"),(594542,167324,"Elizabeth Garrison"),(616252,167324,"Carolyn Arnold"),(625635,167324,"Earlene Roberts"),(646850,167324,"Reporter"),(653798,167324,"Nurse at Parkland Hospital"),(667101,167324,"Herself (at funeral of JFK)"),(674597,167324,"Herself"),(674622,167324,"Herself (behind RFK during fi"),(674641,167324,"Herself in Zapruder film"),(674719,167324,"Herself (with family)"),(677526,167324,"Rose Cheramie"),(699052,167324,"Virginia Garrison"),(712567,167324,"Garrison's secretary (credite"),(716049,167324,"Stripper"),(716403,167324,"Jean Hill"),(720751,167324,"Susie Cox"),(722775,167324,"Garrison receptionist"),(727611,167324,"Herself (in Zapruder film)"),(729237,167324,"Plaza witness #1"),(737979,167324,"Herself (with Richard)"),(739926,167324,"Mary Moorman"),(750989,167324,"Plaza witness #2"),(751680,167324,"Mattie"),(758314,167324,"Marina Oswald"),(797667,167324,"Liz Garrison"),(803705,167324,"Banister's secretary (credite"),(828034,167324,"Sylvia Odio"),(836217,167324,"Herself (in Zapruder film)"),(839275,167324,"Clinton Witness (credited on "),(52978,176711,"Buck"),(74449,176711,"Bill"),(84199,176711,"Hattori Hanzo"),(106131,176711,"Boss Honda"),(216347,176711,"Young 88 (Spanked Boy)"),(249940,176711,"Crazy 88 #2"),(260069,176711,"Boss Tanaka"),(260427,176711,"Crazy 88 Fighter"),(260737,176711,"Boss Matsumoto (anime sequenc"),(280984,176711,"Johnny Mo"),(284742,176711,"Trucker"),(292028,176711,"Budd"),(299922,176711,"Boss Ozawah"),(319868,176711,"Pretty Riki (anime sequence)"),(330833,176711,"Tokyo Business Man"),(341985,176711,"The Groom"),(352931,176711,"Bald Guy (Sushi Shop)"),(363245,176711,"Edgar McGraw"),(363257,176711,"Earl McGraw"),(378578,176711,"Tim"),(420990,176711,"Charlie Brown"),(435415,176711,"Crazy 88 #1 (Miki)"),(459441,176711,"Boss Benta"),(464802,176711,"Crazy 88 #4"),(465932,176711,"Crazy 88 #3"),(519687,176711,"Crazy 88 #5"),(525594,176711,"Boss Orgami"),(606682,176711,"Sofie Fatale"),(623535,176711,"Vernita Green"),(626150,176711,"The 5, 6, 7, 8's"),(626225,176711,"The 5, 6, 7, 8's"),(646020,176711,"Elle Driver"),(673153,176711,"Proprietor"),(673865,176711,"Nikki Bell"),(683804,176711,"Gogo Yubari"),(697645,176711,"O-Ren Ishii"),(704920,176711,"O-Ren (anime sequence)"),(706956,176711,"Crazy 88 #6 (Girl)"),(812916,176711,"The Bride"),(817238,176711,"Okinawa Airline Ticket Agent"),(840317,176711,"The 5, 6, 7, 8's"),(43802,176712,"Larry Gomez"),(74449,176712,"Bill AKA Snake Charmer"),(88326,176712,"Soda Jerk"),(127373,176712,"Marty Kitrosser"),(192290,176712,"Jay"),(225014,176712,"Rufus"),(280984,176712,"Pai Mei"),(292028,176712,"Budd (Sidewinder)"),(319795,176712,"Ernie"),(341985,176712,"Tommy Plympton"),(363257,176712,"Esteban Vihaio"),(378578,176712,"Tim"),(438134,176712,"Bartender/Pimp"),(461413,176712,"Reverend Harmony"),(549030,176712,"Lucky"),(557743,176712,"Hooker #6"),(575732,176712,"Rocket"),(589608,176712,"Hooker #5"),(596738,176712,"Hooker #8"),(599020,176712,"Hooker #2"),(613315,176712,"Mrs. Harmony"),(623535,176712,"Vernita Green (Copperhead)"),(645886,176712,"B.B."),(646020,176712,"Elle Driver (California Mount"),(673358,176712,"Janeen"),(676314,176712,"Karen"),(697645,176712,"O-Ren Ishii (Cottonmouth)"),(701044,176712,"Trixie"),(711529,176712,"Hooker #4"),(727540,176712,"Joleen"),(745520,176712,"Hooker #3"),(773694,176712,"Melanie Harrhouse"),(778957,176712,"Hooker #7"),(791868,176712,"Hooker #1"),(795587,176712,"Clarita"),(800701,176712,"Erica"),(812916,176712,"The Bride/Beatrix Kiddo (Blac"),(820312,176712,"1st Grade Teacher"),(2925,192017,"Additional Voices"),(12987,192017,"Additional Voices"),(19873,192017,"Louis"),(24660,192017,"Atina"),(28218,192017,"Eric"),(70137,192017,"Additional Voices"),(103007,192017,"Additional Voices"),(103728,192017,"Additional Voices"),(107687,192017,"Additional Voices"),(172915,192017,"Additional Voices"),(181392,192017,"Additional Voices"),(191424,192017,"Scuttle"),(194181,192017,"Additional Voices"),(298874,192017,"Flounder"),(300405,192017,"Triton"),(312299,192017,"Additional Voices"),(366808,192017,"Additional Voices"),(413114,192017,"Seahorse"),(474929,192017,"Additional Voices"),(505244,192017,"Additional Voices"),(506067,192017,"Additional Voices"),(517767,192017,"Grimsby"),(518067,192017,"Sebastian"),(551171,192017,"Ariel"),(573523,192017,"Ursula"),(573952,192017,"Additional Voices"),(578128,192017,"Ariel (French Langauge Versio"),(593617,192017,"Additional Voices"),(610800,192017,"Flotsam/Jetsam"),(616663,192017,"Additional Vocalist"),(698334,192017,"Additional Voices"),(715702,192017,"Carlotta"),(716748,192017,"Additional Voice"),(770448,192017,"Alana"),(4306,194874,"Mr. Valentine"),(4856,194874,"Hans"),(8161,194874,"American Businessman #2"),(21959,194874,"Concierge"),(48630,194874,"German Hotel Guest"),(90307,194874,"Aerobics Instructor"),(129545,194874,"Sausalito Piano"),(141251,194874,"German Hotel Guest"),(161529,194874,"TV Host"),(200269,194874,"Charlie's Friend"),(201146,194874,"Charlie"),(221162,194874,"Politician's Aide"),(241542,194874,"Bartender, Nightclub"),(249944,194874,"Nobu"),(250025,194874,"Nao"),(253952,194874,"Politician"),(272703,194874,"Sausalito Guitar"),(293993,194874,"Suntory Client"),(322781,194874,"Press Agent"),(339994,194874,"French Japanese Nightclub Pat"),(332893,194874,"Old Man"),(335955,194874,"Bob Harris"),(338938,194874,"Stills Photographer"),(339292,194874,"Make-Up Person"),(347118,194874,"Kun"),(353175,194874,"Politician's Aide"),(367646,194874,"American Businessman #1"),(397039,194874,"John"),(415630,194874,"Politician's Aide"),(435124,194874,"Press Agent"),(435264,194874,"Doctor"),(435526,194874,"Kelly's Translator"),(464800,194874,"Ikebana Instructor"),(464989,194874,"Press Agent"),(465155,194874,"TV Translator"),(465884,194874,"Bartender, NY Bar"),(512688,194874,"Carl West"),(519486,194874,"Hospital Receptionist"),(519545,194874,"Bellboy"),(522807,194874,"Commercial Director"),(540321,194874,"Premium Fantasy Woman"),(592087,194874,"Bambie"),(616440,194874,"Kelly"),(654457,194874,"Hiromix"),(666662,194874,"Charlotte"),(672860,194874,"Hiroko"),(686422,194874,"Jazz Singer"),(726124,194874,"P Chan"),(800785,194874,"Lydia Harris"),(807955,194874,"Ms. Kawasaki"),(835271,194874,"Sexy Businesswoman"),(14973,207992,"Apoc"),(19123,207992,"Rhineheart"),(25293,207992,"Businessman"),(65966,207992,"Cop Who Captures Neo"),(85282,207992,"Tank"),(124607,207992,"Blind Man"),(126550,207992,"Mouse"),(151786,207992,"Morpheus"),(176042,207992,"Agent Brown"),(182820,207992,"Choi"),(196459,207992,"Parking Cop"),(269326,207992,"Old Man"),(271316,207992,"Big Cop"),(350358,207992,"FedEx Man"),(361482,207992,"Cypher"),(362802,207992,"Dozer"),(386627,207992,"Security Guard"),(393411,207992,"Neo"),(427337,207992,"Cop"),(439574,207992,"Cop"),(468167,207992,"Agent Jones"),(504272,207992,"Agent Smith"),(508359,207992,"Potential"),(514922,207992,"Spoon Boy"),(517132,207992,"Guard"),(521886,207992,"Lieutenant"),(564927,207992,"Potential"),(623010,207992,"Oracle"),(636338,207992,"Priestess"),(666956,207992,"Woman in Red"),(715637,207992,"Switch"),(729933,207992,"Trinity"),(736852,207992,"Dujour"),(750910,207992,"Potential"),(813694,207992,"Potential"),(837687,207992,"Potential"),(49922,210511,"Burt Hadley"),(146916,210511,"Waiter"),(211557,210511,"Jimmy Grantz"),(274282,210511,"Doctor"),(361482,210511,"John Edward 'Teddy' Gammell"),(366618,210511,"Leonard Shelby"),(395132,210511,"Dodd"),(474882,210511,"Sammy Jankis"),(495184,210511,"Motel guest"),(570616,210511,"Blonde Whore"),(623436,210511,"Catherine Shelby"),(647469,210511,"Mrs. Jankis"),(729933,210511,"Natalie"),(730692,210511,"Emma the Tattooist"),(22591,224842,"Sean Devine"),(45176,224842,"Cop in park"),(46035,224842,"Sibling"),(50561,224842,"Murder scene spectator"),(52927,224842,"Cop at barricade"),(52941,224842,"Young Dave"),(53441,224842,"Michael Boyle"),(58566,224842,"Medical Examiner"),(58871,224842,"Detective"),(81486,224842,"Val Savage"),(82887,224842,"Dave's friend in bar"),(88262,224842,"Silent Ray Harris"),(94668,224842,"Theo"),(119276,224842,"Headstone salesman"),(124961,224842,"Boston cop"),(125323,224842,"Driver"),(127395,224842,"Boston cop"),(127836,224842,"Man at bar"),(145529,224842,"Lab technician"),(149545,224842,"Pedestrian"),(151786,224842,"Sgt. Whitey Powers"),(152366,224842,"Funeral director"),(154245,224842,"Murder scene spectator"),(167114,224842,"'75 police officer"),(180512,224842,"Man in bar"),(188463,224842,"Brendan Harris"),(206644,224842,"Sean's father"),(234872,224842,"Fight scene"),(243428,224842,"Young Jimmy"),(243897,224842,"CSS tech"),(288254,224842,"FBI Agent Birden"),(291110,224842,"John O'Shea"),(310903,224842,"'75 reporter"),(341916,224842,"Nick Savage"),(347754,224842,"Bartender"),(350997,224842,"Communion priest"),(351274,224842,"Boston cop"),(359477,224842,"Jimmy's father"),(361582,224842,"Young Sean"),(366884,224842,"Helicopter pilot"),(368424,224842,"Jimmy Markum"),(384513,224842,"Worker"),(384898,224842,"Solicitor in car"),(397623,224842,"Helicopter pilot"),(398679,224842,"Detective"),(401104,224842,"Dave Boyle"),(406968,224842,"Lt. Friel"),(433731,224842,"Handcuffed man"),(444015,224842,"Reporter"),(451797,224842,"Drew Pigeon"),(467346,224842,"Boston cop"),(472909,224842,"Neighbor at barricade"),(475243,224842,"Pete"),(488059,224842,"Police detective"),(498933,224842,"Kevin Savage"),(500331,224842,"Mr. Loonie, Liquor Store Owne"),(510458,224842,"Loudmouthed cop"),(514454,224842,"Detective"),(595015,224842,"Lauren Devine"),(607053,224842,"Nadine Markum"),(638626,224842,"Eve Pigeon"),(646623,224842,"Celeste Boyle"),(697055,224842,"Annabeth Markum"),(740739,224842,"Esther Harris"),(742493,224842,"Trooper Jenny Coughlin"),(774501,224842,"Katie Markum"),(776772,224842,"Diane Cestra"),(833636,224842,"Sara Markum"),(835808,224842,"Spectator"),(836222,224842,"Mrs. Prior"),(14741,237431,"Man with Bullhorn"),(22669,237431,"George 'Babyface' Nelson"),(89558,237431,"Everett"),(92556,237431,"Wash Hogwallop"),(99325,237431,"Cox Family"),(99351,237431,"Cox Family"),(127499,237431,"Dobro Player"),(132506,237431,"Pappy O'Daniel"),(132969,237431,"Homer Stokes"),(151200,237431,"Interrogator"),(156020,237431,"Pomade Vendor"),(157570,237431,"KKK Member"),(159290,237431,"Gravedigger"),(163893,237431,"The Little Man"),(167973,237431,"Boy Hogwallop"),(178861,237431,"Big Dan Teague"),(180543,237431,"Head of Mob"),(194465,237431,"Gravedigger"),(212771,237431,"Village Idiot"),(214150,237431,"Pappy's Staff"),(248284,237431,"Tommy Johnson"),(271396,237431,"Ice Boy on The Right (Straw H"),(282065,237431,"Mr. French"),(309156,237431,"Woolworths Manager"),(312231,237431,"Vernon T. Waldrip"),(342280,237431,"Delmar"),(368628,237431,"Junior O'Daniel"),(390972,237431,"Record Store Clerk"),(392613,237431,"Pappy's Staff"),(406711,237431,"Radio Station Man"),(445292,237431,"Village Idiot"),(482608,237431,"Pete"),(496490,237431,"Sheriff Cooley/The Devil"),(503188,237431,"Gravedigger"),(504229,237431,"Blind Seer"),(508419,237431,"The Whites"),(562444,237431,"Wharvey Gal"),(588021,237431,"Cox Family"),(588101,237431,"Cox Family"),(646604,237431,"Waitress"),(659368,237431,"Penny"),(722891,237431,"Wharvey Gal"),(762207,237431,"Wharvey Gal"),(789381,237431,"Wharvey Gal"),(809136,237431,"Siren"),(809465,237431,"Siren"),(821935,237431,"Siren"),(832250,237431,"Soggy Bottom Customer"),(833865,237431,"The Whites"),(834126,237431,"The Whites"),(3226,238072,"Virgil Malloy"),(7124,238072,"Police Officer"),(8409,238072,"French High Roller"),(8412,238072,"Guard"),(8426,238072,"Eddie, the High Roller Pit Bo"),(38973,238072,"Head Goon"),(55263,238072,"Technician #1"),(67493,238072,"Turk Malloy"),(68858,238072,"Man in Casino"),(82770,238072,"Basher Tarr"),(89558,238072,"Danny Ocean"),(99401,238072,"Joseph Coyle, Security Office"),(103411,238072,"Baccarat Dealer"),(107068,238072,"Linus Caldwell"),(116901,238072,"Frank Walsh"),(151331,238072,"Hotel Security"),(151533,238072,"Himself"),(165505,238072,"Bartender"),(165825,238072,"Terry Benedict"),(180540,238072,"Reuben Tishkoff"),(181071,238072,"Himself"),(185071,238072,"Sports Book Patron"),(205863,238072,"FBI Man #1"),(214094,238072,"Himself"),(224828,238072,"Himself"),(228721,238072,"Livingston Dell"),(229140,238072,"Eye-in-the-Sky Technician #2"),(232111,238072,"Technician #2"),(251175,238072,"Himself"),(254667,238072,"Hotel Bellman"),(261960,238072,"Billy Tim Denham"),(262141,238072,"Italian High Roller"),(264716,238072,"Himself"),(269453,238072,"Himself"),(273506,238072,"X-Bag Man #1/Security Guard"),(277029,238072,"Himself"),(289830,238072,"Frank Catton"),(296907,238072,"Aide-de-Camp"),(301244,238072,"X-Bag Man #3/Security Guard"),(316965,238072,"Himself"),(318718,238072,"Security Officer #1"),(343714,238072,"Himself"),(346988,238072,"Parole Board Member #2"),(363615,238072,"Benedict's Limo Driver"),(365287,238072,"Lockbox Carrier"),(369461,238072,"Oscar the Security Guard"),(371050,238072,"Eye-in-the-Sky Technician #1"),(374730,238072,"Passerby"),(376249,238072,"Rusty Ryan"),(385452,238072,"Explosives Cop"),(385663,238072,"Yen"),(393119,238072,"Bucky Buchanan"),(394261,238072,"Saul Bloom"),(402568,238072,"Casino Security Guard"),(402708,238072,"Uzi-Carrying Guard #1"),(404379,238072,"Slick Mack"),(406907,238072,"Security Guard at Boxing Figh"),(414502,238072,"Seller"),(426293,238072,"Maitre D'"),(426496,238072,"Bruiser"),(438109,238072,"Himself"),(445127,238072,"FBI Man #2"),(445758,238072,"Vault-Bombing Thief"),(445788,238072,"Japanese High Roller"),(447116,238072,"Plainclothes Goon #1"),(447119,238072,"Plainclothes Goon #2"),(452722,238072,"Himself"),(453751,238072,"Sentry"),(454993,238072,"Himself"),(475069,238072,"Bar man #1"),(502063,238072,"Uzi-Carrying Guard #2"),(503427,238072,"Himself"),(505496,238072,"High Roller"),(507342,238072,"Himself"),(522851,238072,"High Roller at the table with"),(530401,238072,"Charmaine, Lifted Security Gu"),(554784,238072,"Parole Board Member #1"),(584471,238072,"Herself"),(602559,238072,"Herself"),(621259,238072,"Parole Board Member #3"),(627711,238072,"Atlantic City Blackjack Deale"),(636657,238072,"Herself"),(720752,238072,"Cocktail Waitress"),(770247,238072,"Tess Ocean"),(22723,238695,"Lawrence"),(32474,238695,"Dom Portwood"),(41200,238695,"Judge"),(49086,238695,"Initech Security Guard"),(91369,238695,"Bill Lumbergh"),(113187,238695,"Cop at Fire"),(130410,238695,"Brian, Chotchkie's Waiter"),(154514,238695,"Swanson's Patient #2"),(205567,238695,"Michael Bolton"),(224852,238695,"Rob Newhouse, Smykowski's Law"),(233402,238695,"Steve, Magazine Salesman"),(235110,238695,"Stan, Chotchkie's Manager"),(259004,238695,"Initech Employee"),(281238,238695,"Peter Gibbons"),(288772,238695,"Rush Hour Driver"),(310765,238695,"Bob Slydell"),(313569,238695,"Dr. Swanson"),(338797,238695,"Samir Nagheenanajar"),(376350,238695,"Drew"),(380135,238695,"Spectator"),(396079,238695,"Mexican Waiter"),(398802,238695,"Tom Smykowski"),(406711,238695,"Milton Waddams"),(426251,238695,"Construction Foreman"),(512793,238695,"Bob Porter"),(536750,238695,"Joanna"),(550248,238695,"Swanson's Patient #1"),(600417,238695,"Initech Employee"),(612605,238695,"Female Temp"),(631318,238695,"Peggy, Lumbergh's Secretary"),(716989,238695,"Nina"),(828431,238695,"Laura Smykowski"),(832753,238695,"Anne"),(17326,254943,"Man Delivering Suitcase"),(84019,254943,"Brad"),(158347,254943,"Transit Cop"),(188640,254943,"Maximillian Cohen"),(195126,254943,"Kabbala Scholar"),(205634,254943,"Moustacheless Man"),(223383,254943,"Man Presenting Suitcase"),(231223,254943,"Limo Driver"),(278406,254943,"Kabbala Scholar"),(296955,254943,"Photographer"),(298615,254943,"Sol Robeson"),(327456,254943,"King Neptune"),(338797,254943,"Farroukh"),(366696,254943,"Rabbi Cohen"),(420051,254943,"Kabbala Scholar"),(426461,254943,"Kabbala Scholar"),(429205,254943,"Transit Cop"),(434338,254943,"Lenny Meyer"),(457189,254943,"Kabbala Scholar"),(467518,254943,"Jake"),(481747,254943,"Ephraim"),(623457,254943,"Jenny Robeson"),(636385,254943,"Mrs. Ovadia"),(648040,254943,"Marcy Dawson"),(688004,254943,"Jenna"),(737316,254943,"Jenna's Mom"),(790698,254943,""),(790699,254943,"Devi"),(36390,256630,"Townspeople 4"),(55975,256630,"Marine"),(85253,256630,"Jack's crew member"),(97507,256630,"Townspeople 3"),(172814,256630,"Townspeople 2"),(210962,256630,"Skeleton"),(230490,256630,"Featured British Marine"),(233574,256630,"Marine"),(511973,256630,"Bad Pirate"),(621545,256630,"Townspeople 1"),(678980,256630,"Narrator"),(22591,257264,"Taxi racer"),(24164,257264,"Owen"),(71116,257264,"Del Griffith"),(141094,257264,"Man on plane"),(142943,257264,"Trucker"),(149274,257264,"Motel clerk"),(155804,257264,"Brand manager"),(195384,257264,"Doobie"),(205106,257264,"Bus lover"),(205392,257264,"Walt"),(233163,257264,"Cab dispatcher"),(269401,257264,"Little Neal"),(280540,257264,"New York cab driver"),(301810,257264,"Neal Page"),(311756,257264,"State Trooper"),(325748,257264,"Screaming driver"),(346233,257264,"Man at Wichita Airport"),(360502,257264,"Pilot"),(371745,257264,"Martin"),(388301,257264,"Cafe patron"),(399230,257264,"Motel thief"),(453151,257264,"Wichita Airport representativ"),(474386,257264,"Holiday traveler"),(483095,257264,"Gus"),(501954,257264,"John"),(513863,257264,"Bryant"),(518624,257264,"New York lawyer"),(533710,257264,"Earring customer"),(541435,257264,"Earring customer"),(565166,257264,"Joy"),(567368,257264,"Marti"),(574986,257264,"Stewardess"),(597426,257264,"New York ticket agent"),(605730,257264,"Peg"),(631024,257264,"Receptionist"),(652012,257264,"Earring customer"),(661973,257264,"Marie"),(673856,257264,"Waitress"),(715702,257264,"Car rental agent"),(718945,257264,"Bus loverette"),(721048,257264,"Earring customer"),(728638,257264,"Stewardess"),(736051,257264,"Owen's wife"),(737212,257264,"Earring customer"),(770558,257264,"Susan Page"),(777168,257264,""),(809607,257264,"Earring customer"),(821956,257264,"Screaming driver's wife"),(826110,257264,"Earring customer"),(7817,267038,"Dead Floyd Wilson"),(17433,267038,"Man #4"),(36472,267038,"Long-Hair Yuppie Scum/'Zorro'"),(45243,267038,"Wilson's trainer"),(65536,267038,"Buddy Holly"),(68754,267038,"Paul"),(87969,267038,"James Dean"),(173104,267038,"Phillip Morris page"),(183894,267038,"Zed"),(207426,267038,"The Gimp"),(210153,267038,"Ed Sullivan"),(225014,267038,"Jules Winnfield"),(242760,267038,"Winston 'The Wolf' Wolfe"),(264162,267038,"Marvin"),(279222,267038,"Young Butch"),(321383,267038,"Monster Joe"),(362817,267038,"Jerry Lewis"),(374784,267038,"Dean Martin"),(396528,267038,"Marsellus Wallace"),(408902,267038,"Pumpkin (Ringo)"),(412573,267038,"Sportscaster #1/Coffee shop"),(434562,267038,"Klondike"),(436214,267038,"Ricky Nelson"),(441022,267038,"Hold Hands You Lovebirds"),(452838,267038,"Roger"),(456313,267038,"Lance"),(466585,267038,"Jimmie Dimmick"),(478676,267038,"Vincent Vega"),(482416,267038,"Sportscaster #2"),(499566,267038,"Capt. Koons"),(507903,267038,"Brett"),(508288,267038,"Maynard"),(512541,267038,"Butch Coolidge"),(539150,267038,"Jody"),(596862,267038,"Fabienne"),(627760,267038,"Trudi"),(639885,267038,"Herself"),(640057,267038,"Marilyn Monroe"),(654019,267038,"Butch's mother"),(667689,267038,"Esmarelda Villalobos"),(673070,267038,"Shot woman"),(694110,267038,"Mamie van Doren"),(700526,267038,"Waitress"),(712086,267038,"Gawker #1"),(756056,267038,"Honey Bunny (Yolanda)"),(782153,267038,"Woman in bathroom"),(806043,267038,"Raquel"),(812916,267038,"Mia Wallace"),(820312,267038,"Pedestrian/Bonnie Dimmick"),(25743,276217,"Marvin Nash"),(36472,276217,"Young cop (also radio play ba"),(59227,276217,"Holdaway"),(63695,276217,"Mr. Blue"),(65536,276217,"Mr. Pink"),(97566,276217,"Sheriff #3"),(193995,276217,"Radio play background voice"),(242760,276217,"Mr. White/Larry Dimmick"),(292028,276217,"Mr. Blonde/Vic Vega"),(368399,276217,"Nice Guy Eddie Cabot"),(378578,276217,"Sheriff #4"),(408902,276217,"Mr. Orange/Freddy Newandyke"),(412573,276217,"Shot cop"),(447813,276217,"Teddy"),(452774,276217,"Sheriff #2"),(452838,276217,"Radio play background voice"),(466585,276217,"Mr. Brown"),(473634,276217,"Joe Cabot"),(482416,276217,"Sheriff #1"),(498580,276217,"Diner patron"),(518086,276217,"K-Billy DJ"),(575999,276217,"Shot woman"),(673070,276217,"Shocked woman"),(688902,276217,"Radio play background voice"),(803695,276217,"Radio play background voice"),(11489,297838,"Haig (head bull)"),(22188,297838,"Con"),(35463,297838,"Youngblood (guard)"),(35741,297838,"Tommy Williams, Inmate 46419"),(48468,297838,"Elmo Blatch"),(55108,297838,"Skeet"),(55702,297838,"Man missing guard"),(59323,297838,"Parole hearings man (1967)"),(59824,297838,"Capt. Byron Hadley"),(86916,297838,"Mert (guard)"),(95602,297838,"Hole guard"),(99685,297838,"Parole hearings ma (1957)"),(110268,297838,"Rooster"),(116949,297838,"Dekins (guard)"),(118282,297838,"District Attorney (1946)"),(118957,297838,"Mail caller"),(126469,297838,"Convict"),(156523,297838,"Hungry fish con"),(159225,297838,"Fresh fish con"),(159346,297838,"Ellis Boyd 'Red' Redding"),(174704,297838,"Jigger, Inmate 33105"),(183829,297838,"Parole hearings man (1947)"),(189012,297838,"Warden Samuel Norton"),(192874,297838,"Food-Way manager (1954)"),(202366,297838,"Bank teller"),(214502,297838,"Judge (1946)"),(242102,297838,"District Attorney (1966)"),(244368,297838,"Tom Briggs, Food-Way Manager "),(245499,297838,"Laundry Bob"),(249760,297838,"Portland National Bank Manage"),(277813,297838,"Floyd, Inmate"),(278501,297838,"Con"),(287224,297838,"Laundry truck driver"),(292379,297838,"Ned Grimes, Corrupt Contracto"),(296549,297838,"Glenn Quentin"),(306573,297838,"New fish con"),(309501,297838,"Trout (guard)"),(312806,297838,"Wiley (guard)"),(314365,297838,"Fat Ass"),(320846,297838,"Tyrell, Inmate"),(343346,297838,"Elderly hole guard"),(367071,297838,"Projectionist"),(383529,297838,"Snooze, Inmate"),(387921,297838,"Ernie, Inmate"),(394020,297838,"Duty guard"),(401104,297838,"Andy Dufresne, Inmate 37927"),(405572,297838,"Bogs Diamond"),(414705,297838,"Heywood, Inmate 32365"),(449070,297838,"Parole hearings guard (1957)"),(454105,297838,"New fish con"),(460144,297838,"New fish guard"),(460159,297838,"Pete"),(471769,297838,"Portland Daily Bugle Editor"),(509261,297838,"Brooks Hatlen, Librarian"),(517126,297838,"Bullhorn Tower Guard"),(526627,297838,"Moresby Batter"),(555599,297838,"Andy Dufresne's wife"),(791930,297838,"Landlady (1954)"),(794261,297838,"Portland National Bank Teller"),(795871,297838,"Food-Way woman (1954)"),(828984,297838,"Laundry Leonard"),(2547,300229,"Duloc Mascot"),(15921,300229,"Merry Man"),(41156,300229,"Bishop"),(43899,300229,"Merry Man"),(46276,300229,"Baby Bear"),(69902,300229,"Pinocchio/Three Pigs"),(76739,300229,"Monsieur Hood"),(103007,300229,"Captain of Guards"),(118681,300229,"Ogre Hunter"),(163807,300229,"Peter Pan"),(177746,300229,"Merry Man"),(251911,300229,"Blind Mouse/Thelonious"),(280713,300229,"Lord Farquaad of Duloc"),(321301,300229,"Geppetto/Magic Mirror"),(335657,300229,"Donkey"),(337097,300229,"Shrek/Blind Mouse/Narrator"),(366715,300229,"Ogre Hunter"),(394821,300229,"Merry Man"),(444634,300229,"Blind Mouse"),(492299,300229,"Gingerbread Man"),(493665,300229,"Merry Man"),(545489,300229,"Wrestling Fan"),(602370,300229,"Princess Fiona"),(624888,300229,"Old Woman"),(627035,300229,"Additional Voices"),(2700,306032,"Tyrone"),(31092,306032,"Waterboy"),(33582,306032,"Neil"),(33865,306032,"Errol"),(56513,306032,"Mullet"),(62556,306032,"Gary"),(70588,306032,"Bouncer"),(71699,306032,"Liam"),(71767,306032,"Charlie"),(96353,306032,"Kestral"),(101557,306032,"Doorman"),(103244,306032,"Horrible Man"),(109357,306032,"Boxer"),(115652,306032,"One Eyed Jack"),(116634,306032,"Franky Four Fingers"),(125700,306032,"Pikey Kid #2"),(127583,306032,"Rosebud"),(128379,306032,"Pikey Kid #1"),(145053,306032,"Policeman"),(145321,306032,"Cousin Abraham 'Avi' Denovitz"),(145563,306032,"Bricktop's Henchman"),(153139,306032,"Darren"),(154269,306032,"Gorgeous George"),(155121,306032,"Brick Top Polford"),(169408,306032,"Vincent"),(176918,306032,"Bad Boy Lincoln"),(181512,306032,"Tommy"),(200155,306032,"Bricktop's Barman"),(210144,306032,"Reuben"),(217399,306032,"Gypsy Man"),(222947,306032,"Referee"),(226488,306032,"Sol"),(233693,306032,"Bullet Tooth Tony"),(235260,306032,"Micheal (Diamond Man)"),(272853,306032,"John"),(312773,306032,"Gypsy Man"),(318673,306032,"Avi's Colleague"),(349878,306032,"Patrick"),(366832,306032,"Bricktop's Henchman"),(376249,306032,"Mickey O'Neil"),(393971,306032,"Doug 'The Head' Denovitz"),(400031,306032,"Man Reading Newspaper"),(409474,306032,"Paulie"),(430641,306032,"Boris 'The Blade' Yurinov"),(435165,306032,"Policeman"),(443599,306032,"Bricktop's Henchman"),(445208,306032,"Bricktop's Henchman"),(452242,306032,"Turkish"),(452549,306032,"Bomber Harris"),(453799,306032,"Himy"),(462782,306032,"Sausage Charlie"),(464554,306032,"Salt Peter"),(464555,306032,"Salt Peter"),(466074,306032,"Patrick"),(470693,306032,"Mad Fist Willy"),(473853,306032,"John the Gun"),(476507,306032,"The Russian"),(502551,306032,"Gypsy Man"),(506000,306032,"Horace 'Good Night' Anderson"),(511760,306032,"Pikey Kid"),(584127,306032,"Alex Denovitz"),(584158,306032,"Susi Denovitz"),(590723,306032,"Mrs. O'Neil"),(786291,306032,"Pauline"),(18534,313459,"Gold Five"),(20565,313459,"Boba Fett (special edition)"),(24298,313459,"R2-D2"),(24389,313459,"Cantina alien"),(32648,313459,"Stormtrooper"),(32842,313459,"Stormtrooper"),(36641,313459,"Deak"),(38306,313459,"Cantina alien"),(41012,313459,"Cantina alien"),(45193,313459,"Greedo"),(60384,313459,"Uncle Owen"),(64724,313459,"Wuher"),(66791,313459,"General Willard"),(81479,313459,"Drifter (Red 12)"),(93441,313459,"Stormtrooper"),(95766,313459,"Wioslea"),(103769,313459,"Dr. Evazan"),(103985,313459,"Grand Moff Tarkin"),(109892,313459,"Cantina patron"),(107609,313459,"C-3PO"),(118428,313459,"Hrchek Kal Fas"),(121418,313459,"Jawa"),(121453,313459,"Stormtrooper/Tusken Raider/De"),(121475,313459,"Jawa"),(155223,313459,"Han Solo"),(155704,313459,"Fixer"),(163352,313459,"Stormtrooper with Binoculars"),(166901,313459,"Cantina patron"),(168906,313459,"Death Star trooper"),(175853,313459,"Kabe"),(176421,313459,"Kabe/Jawa/GONK Droid"),(181749,313459,"Cantina patron"),(188411,313459,"Ben Obi-Wan Kenobi"),(192139,313459,"Red Three (Biggs)"),(193293,313459,"Stormtrooper (special edition"),(194181,313459,"Luke Skywalker"),(196754,313459,"Stormtrooper"),(197798,313459,"Leia's rebel escort"),(204119,313459,"General Taggi"),(204475,313459,"Red Leader"),(205055,313459,"Stormtrooper"),(213555,313459,"Red Six (Porkins)"),(215780,313459,"Stormtrooper"),(221431,313459,"Ponda Baba"),(232234,313459,"Death Star trooper"),(233082,313459,"Darth Vader"),(241719,313459,"Solomohal"),(250001,313459,"Stormtrooper"),(250281,313459,"Red Four (John D.)"),(265558,313459,"BoShek"),(269536,313459,"Red Two (Wedge)"),(274881,313459,"General Motti"),(280561,313459,"Muftak/Cantina band member"),(290708,313459,"Gold Leader"),(293066,313459,"Jawa"),(296048,313459,"Takeel"),(307200,313459,"Chewbacca"),(308366,313459,"Stormtrooper (special edition"),(309571,313459,"General Dodonna"),(309697,313459,"Death Star gunner"),(328248,313459,"Cantina Patron"),(371393,313459,"Massassi Base rebel scout"),(380938,313459,"Rycar Ryjerd"),(383596,313459,"Darth Vader"),(384778,313459,"Chief Jawa"),(399367,313459,"InCom engineer"),(409131,313459,"Cmdr. Praji (Imperial Officer"),(425137,313459,"Commander #1"),(440072,313459,"Gold Two"),(455851,313459,"Cantina Patron"),(457215,313459,"Cantina Patron"),(458852,313459,"Sai'torr Kal Fas"),(460215,313459,"Lt. Pol Treidum"),(462470,313459,"Cantina Voices"),(462473,313459,"Massassi Outpost Announcer/Va"),(473636,313459,"Lt. Shann Childsen"),(474368,313459,"Cantina alien"),(477860,313459,"Stormtrooper"),(481290,313459,"Del Goren"),(484554,313459,"Stormtrooper"),(501054,313459,"Stormtrooper"),(501285,313459,"Jawa"),(501947,313459,"Greedo"),(504861,313459,"Ketwol/Melas"),(507612,313459,"Stormtrooper"),(512212,313459,"Mos Eisley Citizen (special e"),(516466,313459,"Cantina Patron"),(566874,313459,"Nabrun Leids"),(583108,313459,"Cantina patron"),(595613,313459,"Greedo"),(610382,313459,"Garindan"),(616010,313459,"Djas Puhr"),(620283,313459,"Princess Leia Organa"),(624531,313459,"Aunt Beru"),(653075,313459,"Brea Tonnika"),(667702,313459,"Mosep"),(668050,313459,"Chall Bekan"),(683913,313459,"Jawa"),(683916,313459,"Jawa"),(729677,313459,"Swilla Corey"),(773636,313459,"Leesub Sirln"),(792242,313459,"Tawss Khaa"),(799247,313459,"Senni Tonnika"),(831121,313459,"Thuku"),(22262,314965,"Train Station Cop #1"),(22591,314965,"Tom Witzky"),(95622,314965,"Jake Witzky"),(98103,314965,"Neighborhood Man"),(131649,314965,"Frank McCarthy"),(184173,314965,"Party Goer (featured bit)"),(224034,314965,"Security Guard"),(318797,314965,"Gothic Street Punk"),(341012,314965,"Block Party Participant"),(342939,314965,"Lenny"),(350741,314965,"Harry Damon"),(378220,314965,"Loven"),(390454,314965,"Elderly Man"),(398944,314965,"Kurt Damon"),(433068,314965,"Polish Priest"),(443171,314965,"Neil the Cop"),(456302,314965,"Train Station Cop #2"),(499967,314965,"Bobby"),(511354,314965,"Adam McCarthy"),(585548,314965,"Vanessa"),(605742,314965,"Lisa"),(613378,314965,"Maggie Witzky"),(695024,314965,"Mrs. Kozac, Debbie's Mother"),(729434,314965,"Samantha Kozac"),(803742,314965,"Sheila McCarthy"),(816897,314965,"Silent Bit"),(819723,314965,"Upset Woman"),(822281,314965,"Carlita, Latin Woman"),(831862,314965,"Debbie Kozac, the Babysitter"),(841405,314965,"Korean Woman"),(933,333856,"Lewis Bodine"),(2898,333856,"Slovakian three-year-old boy"),(11865,333856,"Lookout Fredrick Fleet"),(12043,333856,"Steerage dancer"),(18638,333856,"Carpenter John Hutchinson"),(29603,333856,"Tommy Ryan"),(54608,333856,"Col. John Jacob Astor IV"),(57665,333856,"Quartermaster Robert Hitchens"),(66328,333856,"Musician/baker"),(66776,333856,"Stairwell steward"),(69940,333856,"Cameo appearance (steerage da"),(70744,333856,"Second-class man"),(72215,333856,"Steward #4"),(76228,333856,"Bobby Buell"),(76443,333856,"Steerage dancer"),(76653,333856,"Hold steward #1"),(81499,333856,"Chief Officer Henry T. Wilde"),(93883,333856,"Scotland Road steward"),(95037,333856,"Chief Marconi Officer Jack Ph"),(99597,333856,"Victor Giglio"),(99941,333856,"Fourth Officer Joseph Boxhall"),(101233,333856,"Crewman"),(118569,333856,"Praying man"),(125676,333856,"Master at Arms Joseph Bailey"),(121758,333856,"Jack Dawson"),(130426,333856,"Pubkeeper"),(134352,333856,"Lookout Reginald Lee"),(138312,333856,"Carpathia steward"),(140049,333856,"Benjamin Guggenheim"),(142962,333856,"Wallace Hartley"),(144555,333856,"Olaus Gunderson"),(153207,333856,"Sixth Officer James Moody"),(155472,333856,"Chief Engineer Joseph Bell"),(155930,333856,"Steerage dancer"),(156939,333856,"Col. Archibald Gracie"),(157096,333856,"Steward #1"),(157680,333856,"Syrian man"),(162721,333856,"Orchestra member"),(165721,333856,"Thomas Andrews"),(167468,333856,"Titanic porter"),(172669,333856,"Orchestra member"),(181486,333856,"Quartermaster George Rowe"),(186652,333856,"Fifth Officer Harold Godfrey "),(199768,333856,"Orchestra member"),(205287,333856,"Hold steward #2"),(208287,333856,"Capt. Edward J. Smith"),(209729,333856,"Steerage dancer"),(211832,333856,"Olaf Dahl"),(216473,333856,"Slovakian father"),(219643,333856,"J. Bruce Ismay"),(226351,333856,"First-class steward"),(227836,333856,"Sir Cosmo Duff-Gordon"),(230528,333856,"'Safe' Bellboy"),(243306,333856,"Assistant Marconi Wireless Op"),(244575,333856,"Deckhand"),(248904,333856,"Bjorn Gunderson"),(263645,333856,"Promenade Deck steward"),(264813,333856,"Father Thomas Byles"),(270444,333856,"Leading Fireman Fredrick Barr"),(279903,333856,"Chinese man"),(283561,333856,"Steerage band member"),(288312,333856,"Frederick Spedden"),(301563,333856,"Rescue boat crewman"),(307547,333856,"Steerage dancer"),(313916,333856,"Steward #2"),(335829,333856,"Steerage band member"),(342443,333856,"Elevator operator"),(348858,333856,"Fabrizio De Rossi"),(351253,333856,"Engine Room Crew"),(354484,333856,"Olaf"),(358426,333856,"Steward #3"),(359448,333856,"Steward Barnes"),(360793,333856,"Isidor Straus"),(366173,333856,"Brock Lovett"),(372149,333856,"Sven"),(373241,333856,"Second Officer Charles Herber"),(414913,333856,"Anatoly Milkailavich"),(444656,333856,"First-class young man"),(455151,333856,"First Officer William McMaste"),(462918,333856,"Orchestra member"),(462919,333856,"Orchestra member"),(468177,333856,"Bert Cartmell"),(471961,333856,"Little Irish boy"),(480062,333856,"Drowning man"),(480247,333856,"Yaley"),(481840,333856,"Chief Baker Charles Joughin"),(482854,333856,"Steerage band member"),(484826,333856,"Man in water"),(497962,333856,"Man being combed for lice"),(499298,333856,"First-class husband"),(500666,333856,"Irish man"),(502344,333856,"Spicer Lovejoy"),(505031,333856,"Steerage band member"),(513645,333856,"First-class waiter"),(524132,333856,"Caledon 'Cal' Hockley"),(534915,333856,"Lizzy Calvert"),(541702,333856,"Lady Lucille Duff-Gordon"),(547276,333856,"Steerage dancer"),(547303,333856,"Margaret 'Molly' Brown"),(560216,333856,"Woman in life boat"),(560719,333856,"First-class woman"),(562717,333856,"Mme. Leontine Pauline Aubart"),(578075,333856,"Madeleine Astor"),(608339,333856,"Woman in water"),(620301,333856,"Ruth DeWitt Bukater"),(621016,333856,"Steerage dancer"),(627384,333856,"Trudy Bolt"),(629712,333856,"Young female first-class pass"),(629713,333856,"Older female second-class pas"),(635153,333856,"Irish mother"),(653279,333856,"Steerage dancer"),(659281,333856,"Steerage band member"),(675117,333856,"Third-class woman"),(678541,333856,"Mother at stern"),(687048,333856,"Little Irish girl"),(709423,333856,"Syrian woman"),(728576,333856,"Reporter"),(740170,333856,"Frozen woman with baby"),(741046,333856,"Woman"),(744930,333856,"Helga Dahl"),(745079,333856,"Cora Cartmell"),(758870,333856,"Praying woman"),(763718,333856,"Steerage dancer"),(763862,333856,"Rosalie Ida Strauss"),(766230,333856,"Steerage dancer"),(773658,333856,"Lucy Noel Martha Dyer-Edwards"),(803835,333856,"Rose Dawson Calvert (Old Rose"),(827985,333856,"Cal's crying girl"),(827986,333856,"Cal's crying girl"),(837199,333856,"Rose DeWitt Bukater"),(30298,344203,"Noodles MacIntosh"),(52913,344203,"Bob"),(58481,344203,"Uncle Harvey"),(63432,344203,"Band: Keyboard"),(67954,344203,"Crazy Ernie"),(69186,344203,"Conan the Librarian"),(73473,344203,"Blind Man"),(88336,344203,"Kid In Audience"),(92907,344203,"Bum"),(151893,344203,"Thug #4"),(158111,344203,"Timid Man"),(158125,344203,"Teri's Father"),(160178,344203,"Fletcher Cronie #1"),(166835,344203,"Promo Announcer"),(169238,344203,"Philo"),(175696,344203,"Gorbachev"),(183405,344203,"Earl Ramsey"),(192106,344203,"FCC Man"),(193699,344203,"Spatula Husband"),(195778,344203,"Whipped Cream Eater"),(197172,344203,"Promo Announcer"),(215493,344203,"Donor at Telethon"),(218133,344203,"Sy Greenblum"),(226391,344203,"Killer Thug"),(228167,344203,"Band: Bass Guitar"),(243490,344203,"Promo Announcer"),(251881,344203,"Billy"),(276083,344203,"Gandhi"),(297612,344203,"Joel Miller"),(297613,344203,"Thug #3"),(300498,344203,"Yodeler"),(307236,344203,"Boy with Books"),(308572,344203,"R.J. Fletcher"),(349905,344203,"Satan"),(362075,344203,"Richard Fletcher"),(373005,344203,"Joe Earley"),(383529,344203,"Head Thug"),(395522,344203,"Guide #2"),(397770,344203,"Stanley Spadowski"),(403345,344203,"Fletcher Cronie #2"),(407154,344203,"Promo Announcer"),(416655,344203,"Guide #1"),(426450,344203,"Band: Drums"),(438265,344203,"Raul Hernandez"),(453895,344203,"Animal Deliveryman"),(496708,344203,"Kipper Kids"),(502910,344203,"Cameraman"),(503070,344203,"Kuni"),(505762,344203,"Bartender"),(507232,344203,"Band: Guitar"),(514908,344203,"Little Weasel"),(520090,344203,"George Newman"),(533504,344203,"Spatula Neighbor"),(547549,344203,"Mud Wrestler"),(590235,344203,"Little Old Lady"),(606539,344203,"Pamela Finklestein"),(613134,344203,"Spatula Wife"),(663169,344203,"Teri"),(667210,344203,"Big Edna"),(687554,344203,"Aunt Esther"),(713211,344203,"Betty"),(800486,344203,"Phyllis Weaver"),(812803,344203,"Teri's Mother"),(828197,344203,"Mud Wrestler"),(54888,350424,"Sneezy"),(60612,350424,"Barman"),(92394,350424,"Martini Waiter"),(92931,350424,"Himself"),(101879,350424,"David Aames"),(114951,350424,"Third Doctor"),(146792,350424,"Silent Ed Vallencourt"),(163948,350424,"Peter Brown"),(192018,350424,"Frozen Risktaker"),(193175,350424,"Bashful"),(198505,350424,"Laughing Guy"),(198544,350424,"Skyscraper Guy"),(213832,350424,"Man in Blue Coat"),(216951,350424,"Life Extension security guard"),(242176,350424,"SWAT team officer #3"),(242646,350424,"Chef"),(244826,350424,"Dopey"),(256402,350424,"Dude, Fix Your Face Guy"),(271849,350424,"Brian Shelby"),(272379,350424,"Frozen Vintage Car Man"),(272456,350424,"Joshua"),(272971,350424,"Doc"),(275842,350424,"Art Editor"),(277250,350424,"Sleepy"),(284337,350424,"L.E. Building Guard"),(287321,350424,"The Writer"),(297473,350424,"Clubgoer"),(312961,350424,"Himself"),(335034,350424,"Older Editor"),(336283,350424,"Benny's Owner"),(349941,350424,"Himself"),(375500,350424,"Carlton Kaller"),(383394,350424,"Doctor from Berlin"),(412221,350424,"Dr. Curtis McCabe"),(418701,350424,"Frozen Pediatric Cardiologist"),(425670,350424,"Cryo Man"),(425938,350424,"Dr. Pomerantz"),(431679,350424,"Security Guard"),(432677,350424,"Aaron"),(441300,350424,"Security Guard"),(448453,350424,"Thomas Tipp"),(449430,350424,"Guest at David Aames' party"),(454171,350424,"Dancer"),(462628,350424,"Himself"),(468102,350424,"Edmund Ventura"),(472335,350424,"Life Extension Man"),(474979,350424,"Dancer"),(488446,350424,"Grumpy"),(500661,350424,"Young David"),(503450,350424,"Other Doctor"),(505706,350424,"Raymond Tooley"),(511078,350424,"Jamie Berliner"),(517076,350424,"Frozen Dad"),(540103,350424,"Nina"),(568474,350424,"Beatrice"),(572929,350424,"Sofia's Friend"),(589421,350424,"Lucid Dreamer"),(589427,350424,"Herself"),(589713,350424,"Sofia Serrano"),(602370,350424,"Julie Gianni"),(623022,350424,"Dancer"),(624510,350424,"The Future"),(633197,350424,"Lola"),(639873,350424,"Happy"),(647023,350424,"Colleen"),(648036,350424,"Lynette"),(673878,350424,"Model"),(695231,350424,"Skyscraper Girl"),(716414,350424,"Model"),(722460,350424,"Emma"),(724348,350424,"David's Assistant"),(758543,350424,"Herself"),(761233,350424,"Frozen Theologist"),(764159,350424,"Dancer"),(784772,350424,"Model"),(789840,350424,"Rayna"),(791422,350424,"Sofia's Friend"),(799913,350424,"Carly"),(806256,350424,"Rebecca Dearborn"),(809383,350424,"Party Videographer"),(835184,350424,"Dr. Jennifer Ash"),(835392,350424,"Waiting room model"),(837678,350424,"Libby"),(837895,350424,"Coat Check Girl");
