{
  "project_info": {
    "project_number": "",
    "project_id": "loginpleasework"
  },
  "client": [
    {
      "client_info": {
        "mobilesdk_app_id": "",
        "android_client_info": {
          "package_name": "edu.stanford.cs193a.loginpleasework"
        }
      },
      "oauth_client": [
        {
          "client_id": "",
          "client_type": 3
        }
      ],
      "api_key": [
        {
          "current_key": ""
        }
      ],
      "services": {
        "analytics_service": {
          "status": 1
        },
        "appinvite_service": {
          "status": 1,
          "other_platform_oauth_client": []
        },
        "ads_service": {
          "status": 1
        }
      }
    }
  ],
  "configuration_version": "1"
}