{
  "project_info": {
    "project_number": "886844646896",
    "firebase_url": "https://simpsongrades.firebaseio.com",
    "project_id": "simpsongrades",
    "storage_bucket": "simpsongrades.appspot.com"
  },
  "client": [
    {
      "client_info": {
        "mobilesdk_app_id": "1:886844646896:android:14e1c173c9eaca0e",
        "android_client_info": {
          "package_name": "cs193a.stanford.edu.simpsongrades"
        }
      },
      "oauth_client": [
        {
          "client_id": "886844646896-qej1l0tg6kkooucms217gps7t25htndp.apps.googleusercontent.com",
          "client_type": 3
        }
      ],
      "api_key": [
        {
          "current_key": "AIzaSyDsMF7m1QdVjfRM9VNxJK_HvdAJ9if2F-Q"
        }
      ],
      "services": {
        "analytics_service": {
          "status": 1
        },
        "appinvite_service": {
          "status": 1,
          "other_platform_oauth_client": []
        },
        "ads_service": {
          "status": 2
        }
      }
    }
  ],
  "configuration_version": "1"
}